Workbook

Sheet Template
B1: REPUBLIC OF THE PHILIPPINES
B2: DEPARTMENT OF HEALTH
B4: National Rabies Prevention and Control Program
B5: Animal Bite and Rabies Report Form
B7: Municipality: | H7: Period (Quarter, Year): | J7: Quarter 1, 2026
B9: IMPORTANT REMINDERS 1. Do NOT edit cells highlighted in green as their values are automatically computed. 2. Ensure totals of age, sex, animal bite cases, and biting animals are equal. Ensure all PEP coverage does not exceed 100%. 3. Submit the completed form signed by the Provincial Health Officer (PHO) to idc@mimaropa.doh.gov.ph by the 10th day of the month of the succeeding quarter (e.g., submit 2026 Q1 data by April 10, 2026).
A11: LOCATION (Barangay) | B11: TOTAL POPULATION | C11: ANIMAL BITE CASES | V11: POST-EXPOSURE PROPHYLAXIS (PEP) | AG11: BITING ANIMALS (7) | AN11: HUMAN RABIES CASES
C12: Sex | F12: Age | I12: Category | V12: PEP Completed** | AB12: PEP Coverage | AG12: Type | AJ12: Status | AM12: Total | AN12: Cases (PIDSR c/o RESU) | AO12: Incidence Proportion (per 10⁶)
C13: Male | D13: Female | E13: Total | F13: <15 | G13: >15 | H13: Total | I13: Category I (1) | J13: Category II | O13: Category III | T13: Total PEP eligible | U13: Total (Cat I+II+III) | V13: Category II | X13: Category III | AB13: Category II (4) | AD13: Category III (6) | AF13: Total CCEEV Coverage | AG13: Dog (7a) | AH13: Cat (7b) | AI13: Others (7c) | AJ13: Pet/ Domestic | AK13: Stray/ Free-roaming | AL13: Unknown
J14: PEP eligible | M14: PEP non-eligible* | N14: Total (2) | O14: PEP eligible | R14: PEP non-eligible* | S14: Total (5) | V14: Primary (CCEEV) | W14: Booster (CCEEV) | X14: Primary (CCEEV+RIG) | AA14: Booster (CCEEV only) | AB14: Primary (CCEEV) | AC14: Booster (CCEEV) | AD14: Primary (CCEEV+RIG) (6a) | AE14: Booster (CCEEV only) (6b)
J15: Primary (CCEEV) | K15: Booster (CCEEV) | L15: Total (3) | O15: Primary (CCEEV+RIG) | P15: Booster (CCEEV only) | Q15: Total | X15: ERIG | Y15: HRIG | Z15: Total
E16: =SUM(C16,D16) -> 0 | H16: =F16+G16 -> 0 | L16: =SUM(J16,K16) -> 0 | N16: =SUM(M16) -> 0 | Q16: =SUM(O16,P16) -> 0 | S16: =SUM(Q16,R16) -> 0 | T16: =SUM(L16,Q16) -> 0 | U16: =SUM(I16,N16,S16) -> 0 | Z16: =SUM(X16,Y16) -> 0 | AB16: =IFERROR(V16/J16, 0) -> 0 | AC16: =IFERROR(W16/K16, 0) -> 0 | AD16: =IFERROR(Z16/O16, 0) -> 0 | AE16: =IFERROR(AA16/P16, 0) -> 0 | AF16: =IFERROR(SUM(V16,W16,Z16,AA16)/SUM(L16,Q16), 0) -> 0 | AM16: =SUM(AG16,AH16,AI16) -> 0 | AO16: =IFERROR((AN16/B16)*1000000, 0) -> 0
E17: =SUM(C17,D17) -> 0 | H17: =F17+G17 -> 0 | L17: =SUM(J17,K17) -> 0 | N17: =SUM(M17) -> 0 | Q17: =SUM(O17,P17) -> 0 | S17: =SUM(Q17,R17) -> 0 | T17: =SUM(J17,K17,O17,P17) -> 0 | U17: =SUM(I17,N17,S17) -> 0 | Z17: =SUM(X17,Y17) -> 0 | AB17: =IFERROR(V17/J17, 0) -> 0 | AC17: =IFERROR(W17/K17, 0) -> 0 | AD17: =IFERROR(Z17/O17, 0) -> 0 | AE17: =IFERROR(AA17/P17, 0) -> 0 | AF17: =IFERROR(SUM(V17,W17,Z17,AA17)/SUM(L17,Q17), 0) -> 0 | AM17: =SUM(AG17,AH17,AI17) -> 0 | AO17: =IFERROR((AN17/B17)*1000000, 0) -> 0
E18: =SUM(C18,D18) -> 0 | H18: =F18+G18 -> 0 | L18: =SUM(J18,K18) -> 0 | N18: =SUM(M18) -> 0 | Q18: =SUM(O18,P18) -> 0 | S18: =SUM(Q18,R18) -> 0 | T18: =SUM(J18,K18,O18,P18) -> 0 | U18: =SUM(I18,N18,S18) -> 0 | Z18: =SUM(X18,Y18) -> 0 | AB18: =IFERROR(V18/J18, 0) -> 0 | AC18: =IFERROR(W18/K18, 0) -> 0 | AD18: =IFERROR(Z18/O18, 0) -> 0 | AE18: =IFERROR(AA18/P18, 0) -> 0 | AF18: =IFERROR(SUM(V18,W18,Z18,AA18)/SUM(L18,Q18), 0) -> 0 | AM18: =SUM(AG18,AH18,AI18) -> 0 | AO18: =IFERROR((AN18/B18)*1000000, 0) -> 0
E19: =SUM(C19,D19) -> 0 | H19: =F19+G19 -> 0 | L19: =SUM(J19,K19) -> 0 | N19: =SUM(M19) -> 0 | Q19: =SUM(O19,P19) -> 0 | S19: =SUM(Q19,R19) -> 0 | T19: =SUM(J19,K19,O19,P19) -> 0 | U19: =SUM(I19,N19,S19) -> 0 | Z19: =SUM(X19,Y19) -> 0 | AB19: =IFERROR(V19/J19, 0) -> 0 | AC19: =IFERROR(W19/K19, 0) -> 0 | AD19: =IFERROR(Z19/O19, 0) -> 0 | AE19: =IFERROR(AA19/P19, 0) -> 0 | AF19: =IFERROR(SUM(V19,W19,Z19,AA19)/SUM(L19,Q19), 0) -> 0 | AM19: =SUM(AG19,AH19,AI19) -> 0 | AO19: =IFERROR((AN19/B19)*1000000, 0) -> 0
E20: =SUM(C20,D20) -> 0 | H20: =F20+G20 -> 0 | L20: =SUM(J20,K20) -> 0 | N20: =SUM(M20) -> 0 | Q20: =SUM(O20,P20) -> 0 | S20: =SUM(Q20,R20) -> 0 | T20: =SUM(J20,K20,O20,P20) -> 0 | U20: =SUM(I20,N20,S20) -> 0 | Z20: =SUM(X20,Y20) -> 0 | AB20: =IFERROR(V20/J20, 0) -> 0 | AC20: =IFERROR(W20/K20, 0) -> 0 | AD20: =IFERROR(Z20/O20, 0) -> 0 | AE20: =IFERROR(AA20/P20, 0) -> 0 | AF20: =IFERROR(SUM(V20,W20,Z20,AA20)/SUM(L20,Q20), 0) -> 0 | AM20: =SUM(AG20,AH20,AI20) -> 0 | AO20: =IFERROR((AN20/B20)*1000000, 0) -> 0
E21: =SUM(C21,D21) -> 0 | H21: =F21+G21 -> 0 | L21: =SUM(J21,K21) -> 0 | N21: =SUM(M21) -> 0 | Q21: =SUM(O21,P21) -> 0 | S21: =SUM(Q21,R21) -> 0 | T21: =SUM(J21,K21,O21,P21) -> 0 | U21: =SUM(I21,N21,S21) -> 0 | Z21: =SUM(X21,Y21) -> 0 | AB21: =IFERROR(V21/J21, 0) -> 0 | AC21: =IFERROR(W21/K21, 0) -> 0 | AD21: =IFERROR(Z21/O21, 0) -> 0 | AE21: =IFERROR(AA21/P21, 0) -> 0 | AF21: =IFERROR(SUM(V21,W21,Z21,AA21)/SUM(L21,Q21), 0) -> 0 | AM21: =SUM(AG21,AH21,AI21) -> 0 | AO21: =IFERROR((AN21/B21)*1000000, 0) -> 0
E22: =SUM(C22,D22) -> 0 | H22: =F22+G22 -> 0 | L22: =SUM(J22,K22) -> 0 | N22: =SUM(M22) -> 0 | Q22: =SUM(O22,P22) -> 0 | S22: =SUM(Q22,R22) -> 0 | T22: =SUM(J22,K22,O22,P22) -> 0 | U22: =SUM(I22,N22,S22) -> 0 | Z22: =SUM(X22,Y22) -> 0 | AB22: =IFERROR(V22/J22, 0) -> 0 | AC22: =IFERROR(W22/K22, 0) -> 0 | AD22: =IFERROR(Z22/O22, 0) -> 0 | AE22: =IFERROR(AA22/P22, 0) -> 0 | AF22: =IFERROR(SUM(V22,W22,Z22,AA22)/SUM(L22,Q22), 0) -> 0 | AM22: =SUM(AG22,AH22,AI22) -> 0 | AO22: =IFERROR((AN22/B22)*1000000, 0) -> 0
E23: =SUM(C23,D23) -> 0 | H23: =F23+G23 -> 0 | L23: =SUM(J23,K23) -> 0 | N23: =SUM(M23) -> 0 | Q23: =SUM(O23,P23) -> 0 | S23: =SUM(Q23,R23) -> 0 | T23: =SUM(J23,K23,O23,P23) -> 0 | U23: =SUM(I23,N23,S23) -> 0 | Z23: =SUM(X23,Y23) -> 0 | AB23: =IFERROR(V23/J23, 0) -> 0 | AC23: =IFERROR(W23/K23, 0) -> 0 | AD23: =IFERROR(Z23/O23, 0) -> 0 | AE23: =IFERROR(AA23/P23, 0) -> 0 | AF23: =IFERROR(SUM(V23,W23,Z23,AA23)/SUM(L23,Q23), 0) -> 0 | AM23: =SUM(AG23,AH23,AI23) -> 0 | AO23: =IFERROR((AN23/B23)*1000000, 0) -> 0
E24: =SUM(C24,D24) -> 0 | H24: =F24+G24 -> 0 | L24: =SUM(J24,K24) -> 0 | N24: =SUM(M24) -> 0 | Q24: =SUM(O24,P24) -> 0 | S24: =SUM(Q24,R24) -> 0 | T24: =SUM(J24,K24,O24,P24) -> 0 | U24: =SUM(I24,N24,S24) -> 0 | Z24: =SUM(X24,Y24) -> 0 | AB24: =IFERROR(V24/J24, 0) -> 0 | AC24: =IFERROR(W24/K24, 0) -> 0 | AD24: =IFERROR(Z24/O24, 0) -> 0 | AE24: =IFERROR(AA24/P24, 0) -> 0 | AF24: =IFERROR(SUM(V24,W24,Z24,AA24)/SUM(L24,Q24), 0) -> 0 | AM24: =SUM(AG24,AH24,AI24) -> 0 | AO24: =IFERROR((AN24/B24)*1000000, 0) -> 0
E25: =SUM(C25,D25) -> 0 | H25: =F25+G25 -> 0 | L25: =SUM(J25,K25) -> 0 | N25: =SUM(M25) -> 0 | Q25: =SUM(O25,P25) -> 0 | S25: =SUM(Q25,R25) -> 0 | T25: =SUM(J25,K25,O25,P25) -> 0 | U25: =SUM(I25,N25,S25) -> 0 | Z25: =SUM(X25,Y25) -> 0 | AB25: =IFERROR(V25/J25, 0) -> 0 | AC25: =IFERROR(W25/K25, 0) -> 0 | AD25: =IFERROR(Z25/O25, 0) -> 0 | AE25: =IFERROR(AA25/P25, 0) -> 0 | AF25: =IFERROR(SUM(V25,W25,Z25,AA25)/SUM(L25,Q25), 0) -> 0 | AM25: =SUM(AG25,AH25,AI25) -> 0 | AO25: =IFERROR((AN25/B25)*1000000, 0) -> 0
E26: =SUM(C26,D26) -> 0 | H26: =F26+G26 -> 0 | L26: =SUM(J26,K26) -> 0 | N26: =SUM(M26) -> 0 | Q26: =SUM(O26,P26) -> 0 | S26: =SUM(Q26,R26) -> 0 | T26: =SUM(J26,K26,O26,P26) -> 0 | U26: =SUM(I26,N26,S26) -> 0 | Z26: =SUM(X26,Y26) -> 0 | AB26: =IFERROR(V26/J26, 0) -> 0 | AC26: =IFERROR(W26/K26, 0) -> 0 | AD26: =IFERROR(Z26/O26, 0) -> 0 | AE26: =IFERROR(AA26/P26, 0) -> 0 | AF26: =IFERROR(SUM(V26,W26,Z26,AA26)/SUM(L26,Q26), 0) -> 0 | AM26: =SUM(AG26,AH26,AI26) -> 0 | AO26: =IFERROR((AN26/B26)*1000000, 0) -> 0
E27: =SUM(C27,D27) -> 0 | H27: =F27+G27 -> 0 | L27: =SUM(J27,K27) -> 0 | N27: =SUM(M27) -> 0 | Q27: =SUM(O27,P27) -> 0 | S27: =SUM(Q27,R27) -> 0 | T27: =SUM(J27,K27,O27,P27) -> 0 | U27: =SUM(I27,N27,S27) -> 0 | Z27: =SUM(X27,Y27) -> 0 | AB27: =IFERROR(V27/J27, 0) -> 0 | AC27: =IFERROR(W27/K27, 0) -> 0 | AD27: =IFERROR(Z27/O27, 0) -> 0 | AE27: =IFERROR(AA27/P27, 0) -> 0 | AF27: =IFERROR(SUM(V27,W27,Z27,AA27)/SUM(L27,Q27), 0) -> 0 | AM27: =SUM(AG27,AH27,AI27) -> 0 | AO27: =IFERROR((AN27/B27)*1000000, 0) -> 0
E28: =SUM(C28,D28) -> 0 | H28: =F28+G28 -> 0 | L28: =SUM(J28,K28) -> 0 | N28: =SUM(M28) -> 0 | Q28: =SUM(O28,P28) -> 0 | S28: =SUM(Q28,R28) -> 0 | T28: =SUM(J28,K28,O28,P28) -> 0 | U28: =SUM(I28,N28,S28) -> 0 | Z28: =SUM(X28,Y28) -> 0 | AB28: =IFERROR(V28/J28, 0) -> 0 | AC28: =IFERROR(W28/K28, 0) -> 0 | AD28: =IFERROR(Z28/O28, 0) -> 0 | AE28: =IFERROR(AA28/P28, 0) -> 0 | AF28: =IFERROR(SUM(V28,W28,Z28,AA28)/SUM(L28,Q28), 0) -> 0 | AM28: =SUM(AG28,AH28,AI28) -> 0 | AO28: =IFERROR((AN28/B28)*1000000, 0) -> 0
... E34: =SUM(C34,D34) -> 0 | H34: =F34+G34 -> 0 | L34: =SUM(J34,K34) -> 0 | N34: =SUM(M34) -> 0 | Q34: =SUM(O34,P34) -> 0 | S34: =SUM(Q34,R34) -> 0 | T34: =SUM(J34,K34,O34,P34) -> 0 | U34: =SUM(I34,N34,S34) -> 0 | Z34: =SUM(X34,Y34) -> 0 | AB34: =IFERROR(V34/J34, 0) -> 0 | AC34: =IFERROR(W34/K34, 0) -> 0 | AD34: =IFERROR(Z34/O34, 0) -> 0 | AE34: =IFERROR(AA34/P34, 0) -> 0 | AF34: =IFERROR(SUM(V34,W34,Z34,AA34)/SUM(L34,Q34), 0) -> 0 | AM34: =SUM(AG34,AH34,AI34) -> 0 | AO34: =IFERROR((AN34/B34)*1000000, 0) -> 0
E35: =SUM(C35:D35) -> 0 | H35: =F35+G35 -> 0 | L35: =SUM(J35,K35) -> 0 | N35: =SUM(M35) -> 0 | Q35: =SUM(O35,P35) -> 0 | S35: =SUM(Q35,R35) -> 0 | T35: =SUM(J35,K35,O35,P35) -> 0 | U35: =SUM(I35,N35,S35) -> 0 | Z35: =SUM(X35,Y35) -> 0 | AB35: =IFERROR(V35/J35, 0) -> 0 | AC35: =IFERROR(W35/K35, 0) -> 0 | AD35: =IFERROR(Z35/O35, 0) -> 0 | AE35: =IFERROR(AA35/P35, 0) -> 0 | AF35: =IFERROR(SUM(V35,W35,Z35,AA35)/SUM(L35,Q35), 0) -> 0 | AM35: =SUM(AG35,AH35,AI35) -> 0 | AO35: =IFERROR((AN35/B35)*1000000, 0) -> 0
A36: TOTAL | B36: =SUM(B16:B35) -> 0 | C36: =SUM(C16:C35) -> 0 | D36: =SUM(D16:D35) -> 0 | E36: =SUM(E16:E35) -> 0 | F36: =SUM(F16:F35) -> 0 | G36: =SUM(G16:G35) -> 0 | H36: =SUM(H16:H35) -> 0 | I36: =SUM(I16:I35) -> 0 | ... AA36: =SUM(AA16:AA35) -> 0 | AB36: =IFERROR(V36/J36, 0) -> 0 | AC36: =IFERROR(W36/K36, 0) -> 0 | AD36: =IFERROR(Z36/O36, 0) -> 0 | AE36: =IFERROR(AA36/P36, 0) -> 0 | AF36: =IFERROR(SUM(V36,W36,Z36,AA36)/SUM(L36,Q36), 0) -> 0 | AG36: =SUM(AG16:AG35) -> 0 | AH36: =SUM(AH16:AH35) -> 0 | AI36: =SUM(AI16:AI35) -> 0 | AJ36: =SUM(AJ16:AJ35) -> 0 | AK36: =SUM(AK16:AK35) -> 0 | AL36: =SUM(AL16:AL35) -> 0 | AM36: =SUM(AM16:AM35) -> 0 | AN36: =SUM(AN16:AN35) -> 0 | AO36: =IFERROR((AN36/B36)*1000000, 0) -> 0
A38: DATA VALIDATION | B38: 1 | C38: =IFERROR(__xludf.DUMMYFUNCTION("IF( COUNTUNIQUE($E$36,$H$36,$U$36,$AM$36)=1, ""✅ Totals of sex, age, animal bite cases, and biting animals match"", ""❌ Totals of sex, age, animal bite cases, and biting animals DO NOT match. Please recheck the data."" ) "),"✅ Totals of sex, age, animal bite cases, and biting animals match") -> ✅ Totals of sex, age, animal bite cases, and biting animals match
B39: 2 | C39: =IF( SUMPRODUCT(--(AB16:AF36>1))=0, "✅ PEP Coverage ≤100%", "❌ PEP Coverage cannot exceed 100%. "&SUMPRODUCT(--(AB16:AF36>1))&" cell(s) exceed 100%. Please recheck the data." ) -> ✅ PEP Coverage ≤100%
A40: * PEP (CCEEV ± RIG) non-eligible: Immunologically-naive (Category II): Exposure of a non-immunocompromised individual to a vaccinated animal (as defined in the AO) that is available for observation for 14 days, EXCEPT if any high-risk criteria are present. Previously-immunized (Category II & III): Exposure of a non-immunocompromised individual who completed at least three (3) doses of anti-rabies vaccine within the last six (6) months, EXCEPT if any high-risk criteria are present. High-risk criteria: 1. Vaccinated >6 months ago with ≥3 doses 2. Biting animal cannot be observed, is sick or rabid, dies, or is a bat 3. Wounds in highly innervated areas (neck, head, genital area, hands, toes, or in very close proximity to the CNS) 4. Multiple or deep wounds 5. Patient has uncontrolled co-morbidities 6. Patient is from a hard-to-reach area with infrequent transportation to and from ABTC/ABC **Case count of those who completed PEP (CCEEV ± RIG), not number of doses/vials FORM GUIDE: tinyurl.com/AnimalBiteRFGuide PEP DECISION TREE: tinyurl.com/RabiesPEPDecisionTree | V40: Prepared by: INSERT NAME NRCP Regional Program Manager | AB40: Reviewed by: INSERT NAME Infectious Disease Cluster Head | AH40: Approved by: INSERT NAME CHD Regional Director

Sheet Quarter 1
B1: REPUBLIC OF THE PHILIPPINES
B2: DEPARTMENT OF HEALTH
B4: National Rabies Prevention and Control Program
B5: Animal Bite and Rabies Report Form
B7: Municipality | C7: PHO-PALAWAN | H7: Period (Quarter, Year): | J7: Quarter 1, 2026
B9: IMPORTANT REMINDERS 1. Do NOT edit cells highlighted in green as their values are automatically computed. 2. Ensure totals of age, sex, animal bite cases, and biting animals are equal. Ensure all PEP coverage does not exceed 100%. 3. Submit the completed form signed by the Provincial Health Officer (PHO) to idc@mimaropa.doh.gov.ph by the 10th day of the month of the succeeding quarter (e.g., submit 2026 Q2 data by July 10, 2026).
A11: LOCATION (Barangay) | B11: TOTAL POPULATION | C11: ANIMAL BITE CASES | V11: POST-EXPOSURE PROPHYLAXIS (PEP) | AG11: BITING ANIMALS (7) | AN11: HUMAN RABIES CASES
C12: Sex | F12: Age | I12: Category | V12: PEP Completed** | AB12: PEP Coverage | AG12: Type | AJ12: Status | AM12: Total | AN12: Cases (PIDSR c/o RESU) | AO12: Incidence Proportion (per 10⁶)
C13: Male | D13: Female | E13: Total | F13: <15 | G13: >15 | H13: Total | I13: Category I (1) | J13: Category II | O13: Category III | T13: Total PEP eligible | U13: Total (Cat I+II+III) | V13: Category II | X13: Category III | AB13: Category II (4) | AD13: Category III (6) | AF13: Total CCEEV Coverage | AG13: Dog (7a) | AH13: Cat (7b) | AI13: Others (7c) | AJ13: Pet/ Domestic | AK13: Stray/ Free-roaming | AL13: Unknown
J14: PEP eligible | M14: PEP non-eligible* | N14: Total (2) | O14: PEP eligible | R14: PEP non-eligible* | S14: Total (5) | V14: Primary (CCEEV) | W14: Booster (CCEEV) | X14: Primary (CCEEV+RIG) | AA14: Booster (CCEEV only) | AB14: Primary (CCEEV) | AC14: Booster (CCEEV) | AD14: Primary (CCEEV+RIG) (6a) | AE14: Booster (CCEEV only) (6b)
J15: Primary (CCEEV) | K15: Booster (CCEEV) | L15: Total (3) | O15: Primary (CCEEV+RIG) | P15: Booster (CCEEV only) | Q15: Total | X15: ERIG | Y15: HRIG | Z15: Total
E33: =SUM(C33,D33) -> 0 | H33: =F33+G33 -> 0 | L33: =SUM(J33,K33) -> 0 | N33: =SUM(M33) -> 0 | Q33: =SUM(O33,P33) -> 0 | S33: =SUM(Q33,R33) -> 0 | T33: =SUM(J33,K33,O33,P33) -> 0 | U33: =SUM(I33,N33,S33) -> 0 | Z33: =SUM(X33,Y33) -> 0 | AB33: =IFERROR(V33/J33, 0) -> 0 | AC33: =IFERROR(W33/K33, 0) -> 0 | AD33: =IFERROR(Z33/O33, 0) -> 0 | AE33: =IFERROR(AA33/P33, 0) -> 0 | AF33: =IFERROR(SUM(V33,W33,Z33,AA33)/SUM(L33,Q33), 0) -> 0 | AM33: =SUM(AG33,AH33,AI33) -> 0 | AO33: =IFERROR((AN33/B33)*1000000, 0) -> 0
E34: =SUM(C34,D34) -> 0 | H34: =F34+G34 -> 0 | L34: =SUM(J34,K34) -> 0 | N34: =SUM(M34) -> 0 | Q34: =SUM(O34,P34) -> 0 | S34: =SUM(Q34,R34) -> 0 | T34: =SUM(J34,K34,O34,P34) -> 0 | U34: =SUM(I34,N34,S34) -> 0 | Z34: =SUM(X34,Y34) -> 0 | AB34: =IFERROR(V34/J34, 0) -> 0 | AC34: =IFERROR(W34/K34, 0) -> 0 | AD34: =IFERROR(Z34/O34, 0) -> 0 | AE34: =IFERROR(AA34/P34, 0) -> 0 | AF34: =IFERROR(SUM(V34,W34,Z34,AA34)/SUM(L34,Q34), 0) -> 0 | AM34: =SUM(AG34,AH34,AI34) -> 0 | AO34: =IFERROR((AN34/B34)*1000000, 0) -> 0
E35: =SUM(C35:D35) -> 0 | H35: =F35+G35 -> 0 | L35: =SUM(J35,K35) -> 0 | N35: =SUM(M35) -> 0 | Q35: =SUM(O35,P35) -> 0 | S35: =SUM(Q35,R35) -> 0 | T35: =SUM(J35,K35,O35,P35) -> 0 | U35: =SUM(I35,N35,S35) -> 0 | Z35: =SUM(X35,Y35) -> 0 | AB35: =IFERROR(V35/J35, 0) -> 0 | AC35: =IFERROR(W35/K35, 0) -> 0 | AD35: =IFERROR(Z35/O35, 0) -> 0 | AE35: =IFERROR(AA35/P35, 0) -> 0 | AF35: =IFERROR(SUM(V35,W35,Z35,AA35)/SUM(L35,Q35), 0) -> 0 | AM35: =SUM(AG35,AH35,AI35) -> 0 | AO35: =IFERROR((AN35/B35)*1000000, 0) -> 0
A36: TOTAL | B36: =SUM(B16:B35) -> 0 | C36: =SUM(C16:C35) -> 0 | D36: =SUM(D16:D35) -> 0 | E36: =SUM(E16:E35) -> 0 | F36: =SUM(F16:F35) -> 0 | G36: =SUM(G16:G35) -> 0 | H36: =SUM(H16:H35) -> 0 | I36: =SUM(I16:I35) -> 0 | ... AA36: =SUM(AA16:AA35) -> 0 | AB36: =IFERROR(V36/J36, 0) -> 0 | AC36: =IFERROR(W36/K36, 0) -> 0 | AD36: =IFERROR(Z36/O36, 0) -> 0 | AE36: =IFERROR(AA36/P36, 0) -> 0 | AF36: =IFERROR(SUM(V36,W36,Z36,AA36)/SUM(L36,Q36), 0) -> 0 | AG36: =SUM(AG16:AG35) -> 0 | AH36: =SUM(AH16:AH35) -> 0 | AI36: =SUM(AI16:AI35) -> 0 | AJ36: =SUM(AJ16:AJ35) -> 0 | AK36: =SUM(AK16:AK35) -> 0 | AL36: =SUM(AL16:AL35) -> 0 | AM36: =SUM(AM16:AM35) -> 0 | AN36: =SUM(AN16:AN35) -> 0 | AO36: =IFERROR((AN36/B36)*1000000, 0) -> 0
A38: DATA VALIDATION | B38: 1 | C38: =IFERROR(__xludf.DUMMYFUNCTION("IF( COUNTUNIQUE($E$36,$H$36,$U$36,$AM$36)=1, ""✅ Totals of sex, age, animal bite cases, and biting animals match"", ""❌ Totals of sex, age, animal bite cases, and biting animals DO NOT match. Please recheck the data."" ) "),"✅ Totals of sex, age, animal bite cases, and biting animals match") -> ✅ Totals of sex, age, animal bite cases, and biting animals match
B39: 2 | C39: =IF( SUMPRODUCT(--(AB16:AF36>1))=0, "✅ PEP Coverage ≤100%", "❌ PEP Coverage cannot exceed 100%. "&SUMPRODUCT(--(AB16:AF36>1))&" cell(s) exceed 100%. Please recheck the data." ) -> ✅ PEP Coverage ≤100%
A40: * PEP (CCEEV ± RIG) non-eligible: Immunologically-naive (Category II): Exposure of a non-immunocompromised individual to a vaccinated animal (as defined in the AO) that is available for observation for 14 days, EXCEPT if any high-risk criteria are present. Previously-immunized (Category II & III): Exposure of a non-immunocompromised individual who completed at least three (3) doses of anti-rabies vaccine within the last six (6) months, EXCEPT if any high-risk criteria are present. High-risk criteria: 1. Vaccinated >6 months ago with ≥3 doses 2. Biting animal cannot be observed, is sick or rabid, dies, or is a bat 3. Wounds in highly innervated areas (neck, head, genital area, hands, toes, or in very close proximity to the CNS) 4. Multiple or deep wounds 5. Patient has uncontrolled co-morbidities 6. Patient is from a hard-to-reach area with infrequent transportation to and from ABTC/ABC **Case count of those who completed PEP (CCEEV ± RIG), not number of doses/vials FORM GUIDE: tinyurl.com/AnimalBiteRFGuide PEP DECISION TREE: tinyurl.com/RabiesPEPDecisionTree | V40: Prepared by: INSERT NAME NRCP Regional Program Manager | AB40: Reviewed by: INSERT NAME Infectious Disease Cluster Head | AH40: Approved by: INSERT NAME CHD Regional Director

Sheet Quarter 2
B1: REPUBLIC OF THE PHILIPPINES
B2: DEPARTMENT OF HEALTH
B4: National Rabies Prevention and Control Program
B5: Animal Bite and Rabies Report Form
B7: Municipality | H7: Period (Quarter, Year): | J7: Quarter 2, 2026
B9: IMPORTANT REMINDERS 1. Do NOT edit cells highlighted in green as their values are automatically computed. 2. Ensure totals of age, sex, animal bite cases, and biting animals are equal. Ensure all PEP coverage does not exceed 100%. 3. Submit the completed form signed by the Provincial Health Officer (PHO) to idc@mimaropa.doh.gov.ph by the 10th day of the month of the succeeding quarter (e.g., submit 2026 Q2 data by July 10, 2026).
A11: LOCATION (Barangay) | B11: TOTAL POPULATION | C11: ANIMAL BITE CASES | V11: POST-EXPOSURE PROPHYLAXIS (PEP) | AG11: BITING ANIMALS (7) | AN11: HUMAN RABIES CASES
C12: Sex | F12: Age | I12: Category | V12: PEP Completed** | AB12: PEP Coverage | AG12: Type | AJ12: Status | AM12: Total | AN12: Cases (PIDSR c/o RESU) | AO12: Incidence Proportion (per 10⁶)
C13: Male | D13: Female | E13: Total | F13: <15 | G13: >15 | H13: Total | I13: Category I (1) | J13: Category II | O13: Category III | T13: Total PEP eligible | U13: Total (Cat I+II+III) | V13: Category II | X13: Category III | AB13: Category II (4) | AD13: Category III (6) | AF13: Total CCEEV Coverage | AG13: Dog (7a) | AH13: Cat (7b) | AI13: Others (7c) | AJ13: Pet/ Domestic | AK13: Stray/ Free-roaming | AL13: Unknown
J14: PEP eligible | M14: PEP non-eligible* | N14: Total (2) | O14: PEP eligible | R14: PEP non-eligible* | S14: Total (5) | V14: Primary (CCEEV) | W14: Booster (CCEEV) | X14: Primary (CCEEV+RIG) | AA14: Booster (CCEEV only) | AB14: Primary (CCEEV) | AC14: Booster (CCEEV) | AD14: Primary (CCEEV+RIG) (6a) | AE14: Booster (CCEEV only) (6b)
J15: Primary (CCEEV) | K15: Booster (CCEEV) | L15: Total (3) | O15: Primary (CCEEV+RIG) | P15: Booster (CCEEV only) | Q15: Total | X15: ERIG | Y15: HRIG | Z15: Total
E16: =SUM(C16,D16) -> 0 | H16: =F16+G16 -> 0 | L16: =SUM(J16,K16) -> 0 | N16: =SUM(M16) -> 0 | Q16: =SUM(O16,P16) -> 0 | S16: =SUM(Q16,R16) -> 0 | T16: =SUM(L16,Q16) -> 0 | U16: =SUM(I16,N16,S16) -> 0 | Z16: =SUM(X16,Y16) -> 0 | AB16: =IFERROR(V16/J16, 0) -> 0 | AC16: =IFERROR(W16/K16, 0) -> 0 | AD16: =IFERROR(Z16/O16, 0) -> 0 | AE16: =IFERROR(AA16/P16, 0) -> 0 | AF16: =IFERROR(SUM(V16,W16,Z16,AA16)/SUM(L16,Q16), 0) -> 0 | AM16: =SUM(AG16,AH16,AI16) -> 0 | AO16: =IFERROR((AN16/B16)*1000000, 0) -> 0
E17: =SUM(C17,D17) -> 0 | H17: =F17+G17 -> 0 | L17: =SUM(J17,K17) -> 0 | N17: =SUM(M17) -> 0 | Q17: =SUM(O17,P17) -> 0 | S17: =SUM(Q17,R17) -> 0 | T17: =SUM(J17,K17,O17,P17) -> 0 | U17: =SUM(I17,N17,S17) -> 0 | Z17: =SUM(X17,Y17) -> 0 | AB17: =IFERROR(V17/J17, 0) -> 0 | AC17: =IFERROR(W17/K17, 0) -> 0 | AD17: =IFERROR(Z17/O17, 0) -> 0 | AE17: =IFERROR(AA17/P17, 0) -> 0 | AF17: =IFERROR(SUM(V17,W17,Z17,AA17)/SUM(L17,Q17), 0) -> 0 | AM17: =SUM(AG17,AH17,AI17) -> 0 | AO17: =IFERROR((AN17/B17)*1000000, 0) -> 0
E18: =SUM(C18,D18) -> 0 | H18: =F18+G18 -> 0 | L18: =SUM(J18,K18) -> 0 | N18: =SUM(M18) -> 0 | Q18: =SUM(O18,P18) -> 0 | S18: =SUM(Q18,R18) -> 0 | T18: =SUM(J18,K18,O18,P18) -> 0 | U18: =SUM(I18,N18,S18) -> 0 | Z18: =SUM(X18,Y18) -> 0 | AB18: =IFERROR(V18/J18, 0) -> 0 | AC18: =IFERROR(W18/K18, 0) -> 0 | AD18: =IFERROR(Z18/O18, 0) -> 0 | AE18: =IFERROR(AA18/P18, 0) -> 0 | AF18: =IFERROR(SUM(V18,W18,Z18,AA18)/SUM(L18,Q18), 0) -> 0 | AM18: =SUM(AG18,AH18,AI18) -> 0 | AO18: =IFERROR((AN18/B18)*1000000, 0) -> 0
E19: =SUM(C19,D19) -> 0 | H19: =F19+G19 -> 0 | L19: =SUM(J19,K19) -> 0 | N19: =SUM(M19) -> 0 | Q19: =SUM(O19,P19) -> 0 | S19: =SUM(Q19,R19) -> 0 | T19: =SUM(J19,K19,O19,P19) -> 0 | U19: =SUM(I19,N19,S19) -> 0 | Z19: =SUM(X19,Y19) -> 0 | AB19: =IFERROR(V19/J19, 0) -> 0 | AC19: =IFERROR(W19/K19, 0) -> 0 | AD19: =IFERROR(Z19/O19, 0) -> 0 | AE19: =IFERROR(AA19/P19, 0) -> 0 | AF19: =IFERROR(SUM(V19,W19,Z19,AA19)/SUM(L19,Q19), 0) -> 0 | AM19: =SUM(AG19,AH19,AI19) -> 0 | AO19: =IFERROR((AN19/B19)*1000000, 0) -> 0
E20: =SUM(C20,D20) -> 0 | H20: =F20+G20 -> 0 | L20: =SUM(J20,K20) -> 0 | N20: =SUM(M20) -> 0 | Q20: =SUM(O20,P20) -> 0 | S20: =SUM(Q20,R20) -> 0 | T20: =SUM(J20,K20,O20,P20) -> 0 | U20: =SUM(I20,N20,S20) -> 0 | Z20: =SUM(X20,Y20) -> 0 | AB20: =IFERROR(V20/J20, 0) -> 0 | AC20: =IFERROR(W20/K20, 0) -> 0 | AD20: =IFERROR(Z20/O20, 0) -> 0 | AE20: =IFERROR(AA20/P20, 0) -> 0 | AF20: =IFERROR(SUM(V20,W20,Z20,AA20)/SUM(L20,Q20), 0) -> 0 | AM20: =SUM(AG20,AH20,AI20) -> 0 | AO20: =IFERROR((AN20/B20)*1000000, 0) -> 0
E21: =SUM(C21,D21) -> 0 | H21: =F21+G21 -> 0 | L21: =SUM(J21,K21) -> 0 | N21: =SUM(M21) -> 0 | Q21: =SUM(O21,P21) -> 0 | S21: =SUM(Q21,R21) -> 0 | T21: =SUM(J21,K21,O21,P21) -> 0 | U21: =SUM(I21,N21,S21) -> 0 | Z21: =SUM(X21,Y21) -> 0 | AB21: =IFERROR(V21/J21, 0) -> 0 | AC21: =IFERROR(W21/K21, 0) -> 0 | AD21: =IFERROR(Z21/O21, 0) -> 0 | AE21: =IFERROR(AA21/P21, 0) -> 0 | AF21: =IFERROR(SUM(V21,W21,Z21,AA21)/SUM(L21,Q21), 0) -> 0 | AM21: =SUM(AG21,AH21,AI21) -> 0 | AO21: =IFERROR((AN21/B21)*1000000, 0) -> 0
E22: =SUM(C22,D22) -> 0 | H22: =F22+G22 -> 0 | L22: =SUM(J22,K22) -> 0 | N22: =SUM(M22) -> 0 | Q22: =SUM(O22,P22) -> 0 | S22: =SUM(Q22,R22) -> 0 | T22: =SUM(J22,K22,O22,P22) -> 0 | U22: =SUM(I22,N22,S22) -> 0 | Z22: =SUM(X22,Y22) -> 0 | AB22: =IFERROR(V22/J22, 0) -> 0 | AC22: =IFERROR(W22/K22, 0) -> 0 | AD22: =IFERROR(Z22/O22, 0) -> 0 | AE22: =IFERROR(AA22/P22, 0) -> 0 | AF22: =IFERROR(SUM(V22,W22,Z22,AA22)/SUM(L22,Q22), 0) -> 0 | AM22: =SUM(AG22,AH22,AI22) -> 0 | AO22: =IFERROR((AN22/B22)*1000000, 0) -> 0
E23: =SUM(C23,D23) -> 0 | H23: =F23+G23 -> 0 | L23: =SUM(J23,K23) -> 0 | N23: =SUM(M23) -> 0 | Q23: =SUM(O23,P23) -> 0 | S23: =SUM(Q23,R23) -> 0 | T23: =SUM(J23,K23,O23,P23) -> 0 | U23: =SUM(I23,N23,S23) -> 0 | Z23: =SUM(X23,Y23) -> 0 | AB23: =IFERROR(V23/J23, 0) -> 0 | AC23: =IFERROR(W23/K23, 0) -> 0 | AD23: =IFERROR(Z23/O23, 0) -> 0 | AE23: =IFERROR(AA23/P23, 0) -> 0 | AF23: =IFERROR(SUM(V23,W23,Z23,AA23)/SUM(L23,Q23), 0) -> 0 | AM23: =SUM(AG23,AH23,AI23) -> 0 | AO23: =IFERROR((AN23/B23)*1000000, 0) -> 0
E24: =SUM(C24,D24) -> 0 | H24: =F24+G24 -> 0 | L24: =SUM(J24,K24) -> 0 | N24: =SUM(M24) -> 0 | Q24: =SUM(O24,P24) -> 0 | S24: =SUM(Q24,R24) -> 0 | T24: =SUM(J24,K24,O24,P24) -> 0 | U24: =SUM(I24,N24,S24) -> 0 | Z24: =SUM(X24,Y24) -> 0 | AB24: =IFERROR(V24/J24, 0) -> 0 | AC24: =IFERROR(W24/K24, 0) -> 0 | AD24: =IFERROR(Z24/O24, 0) -> 0 | AE24: =IFERROR(AA24/P24, 0) -> 0 | AF24: =IFERROR(SUM(V24,W24,Z24,AA24)/SUM(L24,Q24), 0) -> 0 | AM24: =SUM(AG24,AH24,AI24) -> 0 | AO24: =IFERROR((AN24/B24)*1000000, 0) -> 0
E25: =SUM(C25,D25) -> 0 | H25: =F25+G25 -> 0 | L25: =SUM(J25,K25) -> 0 | N25: =SUM(M25) -> 0 | Q25: =SUM(O25,P25) -> 0 | S25: =SUM(Q25,R25) -> 0 | T25: =SUM(J25,K25,O25,P25) -> 0 | U25: =SUM(I25,N25,S25) -> 0 | Z25: =SUM(X25,Y25) -> 0 | AB25: =IFERROR(V25/J25, 0) -> 0 | AC25: =IFERROR(W25/K25, 0) -> 0 | AD25: =IFERROR(Z25/O25, 0) -> 0 | AE25: =IFERROR(AA25/P25, 0) -> 0 | AF25: =IFERROR(SUM(V25,W25,Z25,AA25)/SUM(L25,Q25), 0) -> 0 | AM25: =SUM(AG25,AH25,AI25) -> 0 | AO25: =IFERROR((AN25/B25)*1000000, 0) -> 0
E26: =SUM(C26,D26) -> 0 | H26: =F26+G26 -> 0 | L26: =SUM(J26,K26) -> 0 | N26: =SUM(M26) -> 0 | Q26: =SUM(O26,P26) -> 0 | S26: =SUM(Q26,R26) -> 0 | T26: =SUM(J26,K26,O26,P26) -> 0 | U26: =SUM(I26,N26,S26) -> 0 | Z26: =SUM(X26,Y26) -> 0 | AB26: =IFERROR(V26/J26, 0) -> 0 | AC26: =IFERROR(W26/K26, 0) -> 0 | AD26: =IFERROR(Z26/O26, 0) -> 0 | AE26: =IFERROR(AA26/P26, 0) -> 0 | AF26: =IFERROR(SUM(V26,W26,Z26,AA26)/SUM(L26,Q26), 0) -> 0 | AM26: =SUM(AG26,AH26,AI26) -> 0 | AO26: =IFERROR((AN26/B26)*1000000, 0) -> 0
E27: =SUM(C27,D27) -> 0 | H27: =F27+G27 -> 0 | L27: =SUM(J27,K27) -> 0 | N27: =SUM(M27) -> 0 | Q27: =SUM(O27,P27) -> 0 | S27: =SUM(Q27,R27) -> 0 | T27: =SUM(J27,K27,O27,P27) -> 0 | U27: =SUM(I27,N27,S27) -> 0 | Z27: =SUM(X27,Y27) -> 0 | AB27: =IFERROR(V27/J27, 0) -> 0 | AC27: =IFERROR(W27/K27, 0) -> 0 | AD27: =IFERROR(Z27/O27, 0) -> 0 | AE27: =IFERROR(AA27/P27, 0) -> 0 | AF27: =IFERROR(SUM(V27,W27,Z27,AA27)/SUM(L27,Q27), 0) -> 0 | AM27: =SUM(AG27,AH27,AI27) -> 0 | AO27: =IFERROR((AN27/B27)*1000000, 0) -> 0
E28: =SUM(C28,D28) -> 0 | H28: =F28+G28 -> 0 | L28: =SUM(J28,K28) -> 0 | N28: =SUM(M28) -> 0 | Q28: =SUM(O28,P28) -> 0 | S28: =SUM(Q28,R28) -> 0 | T28: =SUM(J28,K28,O28,P28) -> 0 | U28: =SUM(I28,N28,S28) -> 0 | Z28: =SUM(X28,Y28) -> 0 | AB28: =IFERROR(V28/J28, 0) -> 0 | AC28: =IFERROR(W28/K28, 0) -> 0 | AD28: =IFERROR(Z28/O28, 0) -> 0 | AE28: =IFERROR(AA28/P28, 0) -> 0 | AF28: =IFERROR(SUM(V28,W28,Z28,AA28)/SUM(L28,Q28), 0) -> 0 | AM28: =SUM(AG28,AH28,AI28) -> 0 | AO28: =IFERROR((AN28/B28)*1000000, 0) -> 0
... E34: =SUM(C34,D34) -> 0 | H34: =F34+G34 -> 0 | L34: =SUM(J34,K34) -> 0 | N34: =SUM(M34) -> 0 | Q34: =SUM(O34,P34) -> 0 | S34: =SUM(Q34,R34) -> 0 | T34: =SUM(J34,K34,O34,P34) -> 0 | U34: =SUM(I34,N34,S34) -> 0 | Z34: =SUM(X34,Y34) -> 0 | AB34: =IFERROR(V34/J34, 0) -> 0 | AC34: =IFERROR(W34/K34, 0) -> 0 | AD34: =IFERROR(Z34/O34, 0) -> 0 | AE34: =IFERROR(AA34/P34, 0) -> 0 | AF34: =IFERROR(SUM(V34,W34,Z34,AA34)/SUM(L34,Q34), 0) -> 0 | AM34: =SUM(AG34,AH34,AI34) -> 0 | AO34: =IFERROR((AN34/B34)*1000000, 0) -> 0
E35: =SUM(C35:D35) -> 0 | H35: =F35+G35 -> 0 | L35: =SUM(J35,K35) -> 0 | N35: =SUM(M35) -> 0 | Q35: =SUM(O35,P35) -> 0 | S35: =SUM(Q35,R35) -> 0 | T35: =SUM(J35,K35,O35,P35) -> 0 | U35: =SUM(I35,N35,S35) -> 0 | Z35: =SUM(X35,Y35) -> 0 | AB35: =IFERROR(V35/J35, 0) -> 0 | AC35: =IFERROR(W35/K35, 0) -> 0 | AD35: =IFERROR(Z35/O35, 0) -> 0 | AE35: =IFERROR(AA35/P35, 0) -> 0 | AF35: =IFERROR(SUM(V35,W35,Z35,AA35)/SUM(L35,Q35), 0) -> 0 | AM35: =SUM(AG35,AH35,AI35) -> 0 | AO35: =IFERROR((AN35/B35)*1000000, 0) -> 0
A36: TOTAL | B36: =SUM(B16:B35) -> 0 | C36: =SUM(C16:C35) -> 0 | D36: =SUM(D16:D35) -> 0 | E36: =SUM(E16:E35) -> 0 | F36: =SUM(F16:F35) -> 0 | G36: =SUM(G16:G35) -> 0 | H36: =SUM(H16:H35) -> 0 | I36: =SUM(I16:I35) -> 0 | ... AA36: =SUM(AA16:AA35) -> 0 | AB36: =IFERROR(V36/J36, 0) -> 0 | AC36: =IFERROR(W36/K36, 0) -> 0 | AD36: =IFERROR(Z36/O36, 0) -> 0 | AE36: =IFERROR(AA36/P36, 0) -> 0 | AF36: =IFERROR(SUM(V36,W36,Z36,AA36)/SUM(L36,Q36), 0) -> 0 | AG36: =SUM(AG16:AG35) -> 0 | AH36: =SUM(AH16:AH35) -> 0 | AI36: =SUM(AI16:AI35) -> 0 | AJ36: =SUM(AJ16:AJ35) -> 0 | AK36: =SUM(AK16:AK35) -> 0 | AL36: =SUM(AL16:AL35) -> 0 | AM36: =SUM(AM16:AM35) -> 0 | AN36: =SUM(AN16:AN35) -> 0 | AO36: =IFERROR((AN36/B36)*1000000, 0) -> 0
A38: DATA VALIDATION | B38: 1 | C38: =IFERROR(__xludf.DUMMYFUNCTION("IF( COUNTUNIQUE($E$36,$H$36,$U$36,$AM$36)=1, ""✅ Totals of sex, age, animal bite cases, and biting animals match"", ""❌ Totals of sex, age, animal bite cases, and biting animals DO NOT match. Please recheck the data."" ) "),"✅ Totals of sex, age, animal bite cases, and biting animals match") -> ✅ Totals of sex, age, animal bite cases, and biting animals match
B39: 2 | C39: =IF( SUMPRODUCT(--(AB16:AF36>1))=0, "✅ PEP Coverage ≤100%", "❌ PEP Coverage cannot exceed 100%. "&SUMPRODUCT(--(AB16:AF36>1))&" cell(s) exceed 100%. Please recheck the data." ) -> ✅ PEP Coverage ≤100%
A40: * PEP (CCEEV ± RIG) non-eligible: Immunologically-naive (Category II): Exposure of a non-immunocompromised individual to a vaccinated animal (as defined in the AO) that is available for observation for 14 days, EXCEPT if any high-risk criteria are present. Previously-immunized (Category II & III): Exposure of a non-immunocompromised individual who completed at least three (3) doses of anti-rabies vaccine within the last six (6) months, EXCEPT if any high-risk criteria are present. High-risk criteria: 1. Vaccinated >6 months ago with ≥3 doses 2. Biting animal cannot be observed, is sick or rabid, dies, or is a bat 3. Wounds in highly innervated areas (neck, head, genital area, hands, toes, or in very close proximity to the CNS) 4. Multiple or deep wounds 5. Patient has uncontrolled co-morbidities 6. Patient is from a hard-to-reach area with infrequent transportation to and from ABTC/ABC **Case count of those who completed PEP (CCEEV ± RIG), not number of doses/vials FORM GUIDE: tinyurl.com/AnimalBiteRFGuide PEP DECISION TREE: tinyurl.com/RabiesPEPDecisionTree | V40: Prepared by: INSERT NAME NRCP Regional Program Manager | AB40: Reviewed by: INSERT NAME Infectious Disease Cluster Head | AH40: Approved by: INSERT NAME CHD Regional Director

Sheet Quarter 3
B1: REPUBLIC OF THE PHILIPPINES
B2: DEPARTMENT OF HEALTH
B4: National Rabies Prevention and Control Program
B5: Animal Bite and Rabies Report Form
B7: Municipality | H7: Period (Quarter, Year): | J7: Quarter 3, 2026
B9: IMPORTANT REMINDERS 1. Do NOT edit cells highlighted in green as their values are automatically computed. 2. Ensure totals of age, sex, animal bite cases, and biting animals are equal. Ensure all PEP coverage does not exceed 100%. 3. Submit the completed form signed by the Provincial Health Officer (PHO) to idc@mimaropa.doh.gov.ph by the 10th day of the month of the succeeding quarter (e.g., submit 2026 Q3 data by October 10, 2026).
A11: LOCATION (Barangay) | B11: TOTAL POPULATION | C11: ANIMAL BITE CASES | V11: POST-EXPOSURE PROPHYLAXIS (PEP) | AG11: BITING ANIMALS (7) | AN11: HUMAN RABIES CASES
C12: Sex | F12: Age | I12: Category | V12: PEP Completed** | AB12: PEP Coverage | AG12: Type | AJ12: Status | AM12: Total | AN12: Cases (PIDSR c/o RESU) | AO12: Incidence Proportion (per 10⁶)
C13: Male | D13: Female | E13: Total | F13: <15 | G13: >15 | H13: Total | I13: Category I (1) | J13: Category II | O13: Category III | T13: Total PEP eligible | U13: Total (Cat I+II+III) | V13: Category II | X13: Category III | AB13: Category II (4) | AD13: Category III (6) | AF13: Total CCEEV Coverage | AG13: Dog (7a) | AH13: Cat (7b) | AI13: Others (7c) | AJ13: Pet/ Domestic | AK13: Stray/ Free-roaming | AL13: Unknown
J14: PEP eligible | M14: PEP non-eligible* | N14: Total (2) | O14: PEP eligible | R14: PEP non-eligible* | S14: Total (5) | V14: Primary (CCEEV) | W14: Booster (CCEEV) | X14: Primary (CCEEV+RIG) | AA14: Booster (CCEEV only) | AB14: Primary (CCEEV) | AC14: Booster (CCEEV) | AD14: Primary (CCEEV+RIG) (6a) | AE14: Booster (CCEEV only) (6b)
J15: Primary (CCEEV) | K15: Booster (CCEEV) | L15: Total (3) | O15: Primary (CCEEV+RIG) | P15: Booster (CCEEV only) | Q15: Total | X15: ERIG | Y15: HRIG | Z15: Total
E16: =SUM(C16,D16) -> 0 | H16: =F16+G16 -> 0 | L16: =SUM(J16,K16) -> 0 | N16: =SUM(M16) -> 0 | Q16: =SUM(O16,P16) -> 0 | S16: =SUM(Q16,R16) -> 0 | T16: =SUM(L16,Q16) -> 0 | U16: =SUM(I16,N16,S16) -> 0 | Z16: =SUM(X16,Y16) -> 0 | AB16: =IFERROR(V16/J16, 0) -> 0 | AC16: =IFERROR(W16/K16, 0) -> 0 | AD16: =IFERROR(Z16/O16, 0) -> 0 | AE16: =IFERROR(AA16/P16, 0) -> 0 | AF16: =IFERROR(SUM(V16,W16,Z16,AA16)/SUM(L16,Q16), 0) -> 0 | AM16: =SUM(AG16,AH16,AI16) -> 0 | AO16: =IFERROR((AN16/B16)*1000000, 0) -> 0
E17: =SUM(C17,D17) -> 0 | H17: =F17+G17 -> 0 | L17: =SUM(J17,K17) -> 0 | N17: =SUM(M17) -> 0 | Q17: =SUM(O17,P17) -> 0 | S17: =SUM(Q17,R17) -> 0 | T17: =SUM(J17,K17,O17,P17) -> 0 | U17: =SUM(I17,N17,S17) -> 0 | Z17: =SUM(X17,Y17) -> 0 | AB17: =IFERROR(V17/J17, 0) -> 0 | AC17: =IFERROR(W17/K17, 0) -> 0 | AD17: =IFERROR(Z17/O17, 0) -> 0 | AE17: =IFERROR(AA17/P17, 0) -> 0 | AF17: =IFERROR(SUM(V17,W17,Z17,AA17)/SUM(L17,Q17), 0) -> 0 | AM17: =SUM(AG17,AH17,AI17) -> 0 | AO17: =IFERROR((AN17/B17)*1000000, 0) -> 0
E18: =SUM(C18,D18) -> 0 | H18: =F18+G18 -> 0 | L18: =SUM(J18,K18) -> 0 | N18: =SUM(M18) -> 0 | Q18: =SUM(O18,P18) -> 0 | S18: =SUM(Q18,R18) -> 0 | T18: =SUM(J18,K18,O18,P18) -> 0 | U18: =SUM(I18,N18,S18) -> 0 | Z18: =SUM(X18,Y18) -> 0 | AB18: =IFERROR(V18/J18, 0) -> 0 | AC18: =IFERROR(W18/K18, 0) -> 0 | AD18: =IFERROR(Z18/O18, 0) -> 0 | AE18: =IFERROR(AA18/P18, 0) -> 0 | AF18: =IFERROR(SUM(V18,W18,Z18,AA18)/SUM(L18,Q18), 0) -> 0 | AM18: =SUM(AG18,AH18,AI18) -> 0 | AO18: =IFERROR((AN18/B18)*1000000, 0) -> 0
E19: =SUM(C19,D19) -> 0 | H19: =F19+G19 -> 0 | L19: =SUM(J19,K19) -> 0 | N19: =SUM(M19) -> 0 | Q19: =SUM(O19,P19) -> 0 | S19: =SUM(Q19,R19) -> 0 | T19: =SUM(J19,K19,O19,P19) -> 0 | U19: =SUM(I19,N19,S19) -> 0 | Z19: =SUM(X19,Y19) -> 0 | AB19: =IFERROR(V19/J19, 0) -> 0 | AC19: =IFERROR(W19/K19, 0) -> 0 | AD19: =IFERROR(Z19/O19, 0) -> 0 | AE19: =IFERROR(AA19/P19, 0) -> 0 | AF19: =IFERROR(SUM(V19,W19,Z19,AA19)/SUM(L19,Q19), 0) -> 0 | AM19: =SUM(AG19,AH19,AI19) -> 0 | AO19: =IFERROR((AN19/B19)*1000000, 0) -> 0
E20: =SUM(C20,D20) -> 0 | H20: =F20+G20 -> 0 | L20: =SUM(J20,K20) -> 0 | N20: =SUM(M20) -> 0 | Q20: =SUM(O20,P20) -> 0 | S20: =SUM(Q20,R20) -> 0 | T20: =SUM(J20,K20,O20,P20) -> 0 | U20: =SUM(I20,N20,S20) -> 0 | Z20: =SUM(X20,Y20) -> 0 | AB20: =IFERROR(V20/J20, 0) -> 0 | AC20: =IFERROR(W20/K20, 0) -> 0 | AD20: =IFERROR(Z20/O20, 0) -> 0 | AE20: =IFERROR(AA20/P20, 0) -> 0 | AF20: =IFERROR(SUM(V20,W20,Z20,AA20)/SUM(L20,Q20), 0) -> 0 | AM20: =SUM(AG20,AH20,AI20) -> 0 | AO20: =IFERROR((AN20/B20)*1000000, 0) -> 0
E21: =SUM(C21,D21) -> 0 | H21: =F21+G21 -> 0 | L21: =SUM(J21,K21) -> 0 | N21: =SUM(M21) -> 0 | Q21: =SUM(O21,P21) -> 0 | S21: =SUM(Q21,R21) -> 0 | T21: =SUM(J21,K21,O21,P21) -> 0 | U21: =SUM(I21,N21,S21) -> 0 | Z21: =SUM(X21,Y21) -> 0 | AB21: =IFERROR(V21/J21, 0) -> 0 | AC21: =IFERROR(W21/K21, 0) -> 0 | AD21: =IFERROR(Z21/O21, 0) -> 0 | AE21: =IFERROR(AA21/P21, 0) -> 0 | AF21: =IFERROR(SUM(V21,W21,Z21,AA21)/SUM(L21,Q21), 0) -> 0 | AM21: =SUM(AG21,AH21,AI21) -> 0 | AO21: =IFERROR((AN21/B21)*1000000, 0) -> 0
E22: =SUM(C22,D22) -> 0 | H22: =F22+G22 -> 0 | L22: =SUM(J22,K22) -> 0 | N22: =SUM(M22) -> 0 | Q22: =SUM(O22,P22) -> 0 | S22: =SUM(Q22,R22) -> 0 | T22: =SUM(J22,K22,O22,P22) -> 0 | U22: =SUM(I22,N22,S22) -> 0 | Z22: =SUM(X22,Y22) -> 0 | AB22: =IFERROR(V22/J22, 0) -> 0 | AC22: =IFERROR(W22/K22, 0) -> 0 | AD22: =IFERROR(Z22/O22, 0) -> 0 | AE22: =IFERROR(AA22/P22, 0) -> 0 | AF22: =IFERROR(SUM(V22,W22,Z22,AA22)/SUM(L22,Q22), 0) -> 0 | AM22: =SUM(AG22,AH22,AI22) -> 0 | AO22: =IFERROR((AN22/B22)*1000000, 0) -> 0
E23: =SUM(C23,D23) -> 0 | H23: =F23+G23 -> 0 | L23: =SUM(J23,K23) -> 0 | N23: =SUM(M23) -> 0 | Q23: =SUM(O23,P23) -> 0 | S23: =SUM(Q23,R23) -> 0 | T23: =SUM(J23,K23,O23,P23) -> 0 | U23: =SUM(I23,N23,S23) -> 0 | Z23: =SUM(X23,Y23) -> 0 | AB23: =IFERROR(V23/J23, 0) -> 0 | AC23: =IFERROR(W23/K23, 0) -> 0 | AD23: =IFERROR(Z23/O23, 0) -> 0 | AE23: =IFERROR(AA23/P23, 0) -> 0 | AF23: =IFERROR(SUM(V23,W23,Z23,AA23)/SUM(L23,Q23), 0) -> 0 | AM23: =SUM(AG23,AH23,AI23) -> 0 | AO23: =IFERROR((AN23/B23)*1000000, 0) -> 0
E24: =SUM(C24,D24) -> 0 | H24: =F24+G24 -> 0 | L24: =SUM(J24,K24) -> 0 | N24: =SUM(M24) -> 0 | Q24: =SUM(O24,P24) -> 0 | S24: =SUM(Q24,R24) -> 0 | T24: =SUM(J24,K24,O24,P24) -> 0 | U24: =SUM(I24,N24,S24) -> 0 | Z24: =SUM(X24,Y24) -> 0 | AB24: =IFERROR(V24/J24, 0) -> 0 | AC24: =IFERROR(W24/K24, 0) -> 0 | AD24: =IFERROR(Z24/O24, 0) -> 0 | AE24: =IFERROR(AA24/P24, 0) -> 0 | AF24: =IFERROR(SUM(V24,W24,Z24,AA24)/SUM(L24,Q24), 0) -> 0 | AM24: =SUM(AG24,AH24,AI24) -> 0 | AO24: =IFERROR((AN24/B24)*1000000, 0) -> 0
E25: =SUM(C25,D25) -> 0 | H25: =F25+G25 -> 0 | L25: =SUM(J25,K25) -> 0 | N25: =SUM(M25) -> 0 | Q25: =SUM(O25,P25) -> 0 | S25: =SUM(Q25,R25) -> 0 | T25: =SUM(J25,K25,O25,P25) -> 0 | U25: =SUM(I25,N25,S25) -> 0 | Z25: =SUM(X25,Y25) -> 0 | AB25: =IFERROR(V25/J25, 0) -> 0 | AC25: =IFERROR(W25/K25, 0) -> 0 | AD25: =IFERROR(Z25/O25, 0) -> 0 | AE25: =IFERROR(AA25/P25, 0) -> 0 | AF25: =IFERROR(SUM(V25,W25,Z25,AA25)/SUM(L25,Q25), 0) -> 0 | AM25: =SUM(AG25,AH25,AI25) -> 0 | AO25: =IFERROR((AN25/B25)*1000000, 0) -> 0
E26: =SUM(C26,D26) -> 0 | H26: =F26+G26 -> 0 | L26: =SUM(J26,K26) -> 0 | N26: =SUM(M26) -> 0 | Q26: =SUM(O26,P26) -> 0 | S26: =SUM(Q26,R26) -> 0 | T26: =SUM(J26,K26,O26,P26) -> 0 | U26: =SUM(I26,N26,S26) -> 0 | Z26: =SUM(X26,Y26) -> 0 | AB26: =IFERROR(V26/J26, 0) -> 0 | AC26: =IFERROR(W26/K26, 0) -> 0 | AD26: =IFERROR(Z26/O26, 0) -> 0 | AE26: =IFERROR(AA26/P26, 0) -> 0 | AF26: =IFERROR(SUM(V26,W26,Z26,AA26)/SUM(L26,Q26), 0) -> 0 | AM26: =SUM(AG26,AH26,AI26) -> 0 | AO26: =IFERROR((AN26/B26)*1000000, 0) -> 0
E27: =SUM(C27,D27) -> 0 | H27: =F27+G27 -> 0 | L27: =SUM(J27,K27) -> 0 | N27: =SUM(M27) -> 0 | Q27: =SUM(O27,P27) -> 0 | S27: =SUM(Q27,R27) -> 0 | T27: =SUM(J27,K27,O27,P27) -> 0 | U27: =SUM(I27,N27,S27) -> 0 | Z27: =SUM(X27,Y27) -> 0 | AB27: =IFERROR(V27/J27, 0) -> 0 | AC27: =IFERROR(W27/K27, 0) -> 0 | AD27: =IFERROR(Z27/O27, 0) -> 0 | AE27: =IFERROR(AA27/P27, 0) -> 0 | AF27: =IFERROR(SUM(V27,W27,Z27,AA27)/SUM(L27,Q27), 0) -> 0 | AM27: =SUM(AG27,AH27,AI27) -> 0 | AO27: =IFERROR((AN27/B27)*1000000, 0) -> 0
E28: =SUM(C28,D28) -> 0 | H28: =F28+G28 -> 0 | L28: =SUM(J28,K28) -> 0 | N28: =SUM(M28) -> 0 | Q28: =SUM(O28,P28) -> 0 | S28: =SUM(Q28,R28) -> 0 | T28: =SUM(J28,K28,O28,P28) -> 0 | U28: =SUM(I28,N28,S28) -> 0 | Z28: =SUM(X28,Y28) -> 0 | AB28: =IFERROR(V28/J28, 0) -> 0 | AC28: =IFERROR(W28/K28, 0) -> 0 | AD28: =IFERROR(Z28/O28, 0) -> 0 | AE28: =IFERROR(AA28/P28, 0) -> 0 | AF28: =IFERROR(SUM(V28,W28,Z28,AA28)/SUM(L28,Q28), 0) -> 0 | AM28: =SUM(AG28,AH28,AI28) -> 0 | AO28: =IFERROR((AN28/B28)*1000000, 0) -> 0
... E34: =SUM(C34,D34) -> 0 | H34: =F34+G34 -> 0 | L34: =SUM(J34,K34) -> 0 | N34: =SUM(M34) -> 0 | Q34: =SUM(O34,P34) -> 0 | S34: =SUM(Q34,R34) -> 0 | T34: =SUM(J34,K34,O34,P34) -> 0 | U34: =SUM(I34,N34,S34) -> 0 | Z34: =SUM(X34,Y34) -> 0 | AB34: =IFERROR(V34/J34, 0) -> 0 | AC34: =IFERROR(W34/K34, 0) -> 0 | AD34: =IFERROR(Z34/O34, 0) -> 0 | AE34: =IFERROR(AA34/P34, 0) -> 0 | AF34: =IFERROR(SUM(V34,W34,Z34,AA34)/SUM(L34,Q34), 0) -> 0 | AM34: =SUM(AG34,AH34,AI34) -> 0 | AO34: =IFERROR((AN34/B34)*1000000, 0) -> 0
E35: =SUM(C35:D35) -> 0 | H35: =F35+G35 -> 0 | L35: =SUM(J35,K35) -> 0 | N35: =SUM(M35) -> 0 | Q35: =SUM(O35,P35) -> 0 | S35: =SUM(Q35,R35) -> 0 | T35: =SUM(J35,K35,O35,P35) -> 0 | U35: =SUM(I35,N35,S35) -> 0 | Z35: =SUM(X35,Y35) -> 0 | AB35: =IFERROR(V35/J35, 0) -> 0 | AC35: =IFERROR(W35/K35, 0) -> 0 | AD35: =IFERROR(Z35/O35, 0) -> 0 | AE35: =IFERROR(AA35/P35, 0) -> 0 | AF35: =IFERROR(SUM(V35,W35,Z35,AA35)/SUM(L35,Q35), 0) -> 0 | AM35: =SUM(AG35,AH35,AI35) -> 0 | AO35: =IFERROR((AN35/B35)*1000000, 0) -> 0
A36: TOTAL | B36: =SUM(B16:B35) -> 0 | C36: =SUM(C16:C35) -> 0 | D36: =SUM(D16:D35) -> 0 | E36: =SUM(E16:E35) -> 0 | F36: =SUM(F16:F35) -> 0 | G36: =SUM(G16:G35) -> 0 | H36: =SUM(H16:H35) -> 0 | I36: =SUM(I16:I35) -> 0 | ... AA36: =SUM(AA16:AA35) -> 0 | AB36: =IFERROR(V36/J36, 0) -> 0 | AC36: =IFERROR(W36/K36, 0) -> 0 | AD36: =IFERROR(Z36/O36, 0) -> 0 | AE36: =IFERROR(AA36/P36, 0) -> 0 | AF36: =IFERROR(SUM(V36,W36,Z36,AA36)/SUM(L36,Q36), 0) -> 0 | AG36: =SUM(AG16:AG35) -> 0 | AH36: =SUM(AH16:AH35) -> 0 | AI36: =SUM(AI16:AI35) -> 0 | AJ36: =SUM(AJ16:AJ35) -> 0 | AK36: =SUM(AK16:AK35) -> 0 | AL36: =SUM(AL16:AL35) -> 0 | AM36: =SUM(AM16:AM35) -> 0 | AN36: =SUM(AN16:AN35) -> 0 | AO36: =IFERROR((AN36/B36)*1000000, 0) -> 0
A38: DATA VALIDATION | B38: 1 | C38: =IFERROR(__xludf.DUMMYFUNCTION("IF( COUNTUNIQUE($E$36,$H$36,$U$36,$AM$36)=1, ""✅ Totals of sex, age, animal bite cases, and biting animals match"", ""❌ Totals of sex, age, animal bite cases, and biting animals DO NOT match. Please recheck the data."" ) "),"✅ Totals of sex, age, animal bite cases, and biting animals match") -> ✅ Totals of sex, age, animal bite cases, and biting animals match
B39: 2 | C39: =IF( SUMPRODUCT(--(AB16:AF36>1))=0, "✅ PEP Coverage ≤100%", "❌ PEP Coverage cannot exceed 100%. "&SUMPRODUCT(--(AB16:AF36>1))&" cell(s) exceed 100%. Please recheck the data." ) -> ✅ PEP Coverage ≤100%
A40: * PEP (CCEEV ± RIG) non-eligible: Immunologically-naive (Category II): Exposure of a non-immunocompromised individual to a vaccinated animal (as defined in the AO) that is available for observation for 14 days, EXCEPT if any high-risk criteria are present. Previously-immunized (Category II & III): Exposure of a non-immunocompromised individual who completed at least three (3) doses of anti-rabies vaccine within the last six (6) months, EXCEPT if any high-risk criteria are present. High-risk criteria: 1. Vaccinated >6 months ago with ≥3 doses 2. Biting animal cannot be observed, is sick or rabid, dies, or is a bat 3. Wounds in highly innervated areas (neck, head, genital area, hands, toes, or in very close proximity to the CNS) 4. Multiple or deep wounds 5. Patient has uncontrolled co-morbidities 6. Patient is from a hard-to-reach area with infrequent transportation to and from ABTC/ABC **Case count of those who completed PEP (CCEEV ± RIG), not number of doses/vials FORM GUIDE: tinyurl.com/AnimalBiteRFGuide PEP DECISION TREE: tinyurl.com/RabiesPEPDecisionTree | V40: Prepared by: INSERT NAME NRCP Regional Program Manager | AB40: Reviewed by: INSERT NAME Infectious Disease Cluster Head | AH40: Approved by: INSERT NAME CHD Regional Director

Sheet Quarter 4
B1: REPUBLIC OF THE PHILIPPINES
B2: DEPARTMENT OF HEALTH
B4: National Rabies Prevention and Control Program
B5: Animal Bite and Rabies Report Form
B7: Municipality: | H7: Period (Quarter, Year): | J7: Quarter 4, 2026
B9: IMPORTANT REMINDERS 1. Do NOT edit cells highlighted in green as their values are automatically computed. 2. Ensure totals of age, sex, animal bite cases, and biting animals are equal. Ensure all PEP coverage does not exceed 100%. 3. Submit the completed form signed by the Provincial Health Officer (PHO) to idc@mimaropa.doh.gov.ph by the 10th day of the month of the succeeding quarter (e.g., submit 2026 4 data by January 10, 2027).
A11: LOCATION (Barangay) | B11: TOTAL POPULATION | C11: ANIMAL BITE CASES | V11: POST-EXPOSURE PROPHYLAXIS (PEP) | AG11: BITING ANIMALS (7) | AN11: HUMAN RABIES CASES
C12: Sex | F12: Age | I12: Category | V12: PEP Completed** | AB12: PEP Coverage | AG12: Type | AJ12: Status | AM12: Total | AN12: Cases (PIDSR c/o RESU) | AO12: Incidence Proportion (per 10⁶)
C13: Male | D13: Female | E13: Total | F13: <15 | G13: >15 | H13: Total | I13: Category I (1) | J13: Category II | O13: Category III | T13: Total PEP eligible | U13: Total (Cat I+II+III) | V13: Category II | X13: Category III | AB13: Category II (4) | AD13: Category III (6) | AF13: Total CCEEV Coverage | AG13: Dog (7a) | AH13: Cat (7b) | AI13: Others (7c) | AJ13: Pet/ Domestic | AK13: Stray/ Free-roaming | AL13: Unknown
J14: PEP eligible | M14: PEP non-eligible* | N14: Total (2) | O14: PEP eligible | R14: PEP non-eligible* | S14: Total (5) | V14: Primary (CCEEV) | W14: Booster (CCEEV) | X14: Primary (CCEEV+RIG) | AA14: Booster (CCEEV only) | AB14: Primary (CCEEV) | AC14: Booster (CCEEV) | AD14: Primary (CCEEV+RIG) (6a) | AE14: Booster (CCEEV only) (6b)
J15: Primary (CCEEV) | K15: Booster (CCEEV) | L15: Total (3) | O15: Primary (CCEEV+RIG) | P15: Booster (CCEEV only) | Q15: Total | X15: ERIG | Y15: HRIG | Z15: Total
E16: =SUM(C16,D16) -> 0 | H16: =F16+G16 -> 0 | L16: =SUM(J16,K16) -> 0 | N16: =SUM(M16) -> 0 | Q16: =SUM(O16,P16) -> 0 | S16: =SUM(Q16,R16) -> 0 | T16: =SUM(L16,Q16) -> 0 | U16: =SUM(I16,N16,S16) -> 0 | Z16: =SUM(X16,Y16) -> 0 | AB16: =IFERROR(V16/J16, 0) -> 0 | AC16: =IFERROR(W16/K16, 0) -> 0 | AD16: =IFERROR(Z16/O16, 0) -> 0 | AE16: =IFERROR(AA16/P16, 0) -> 0 | AF16: =IFERROR(SUM(V16,W16,Z16,AA16)/SUM(L16,Q16), 0) -> 0 | AM16: =SUM(AG16,AH16,AI16) -> 0 | AO16: =IFERROR((AN16/B16)*1000000, 0) -> 0
E17: =SUM(C17,D17) -> 0 | H17: =F17+G17 -> 0 | L17: =SUM(J17,K17) -> 0 | N17: =SUM(M17) -> 0 | Q17: =SUM(O17,P17) -> 0 | S17: =SUM(Q17,R17) -> 0 | T17: =SUM(J17,K17,O17,P17) -> 0 | U17: =SUM(I17,N17,S17) -> 0 | Z17: =SUM(X17,Y17) -> 0 | AB17: =IFERROR(V17/J17, 0) -> 0 | AC17: =IFERROR(W17/K17, 0) -> 0 | AD17: =IFERROR(Z17/O17, 0) -> 0 | AE17: =IFERROR(AA17/P17, 0) -> 0 | AF17: =IFERROR(SUM(V17,W17,Z17,AA17)/SUM(L17,Q17), 0) -> 0 | AM17: =SUM(AG17,AH17,AI17) -> 0 | AO17: =IFERROR((AN17/B17)*1000000, 0) -> 0
E18: =SUM(C18,D18) -> 0 | H18: =F18+G18 -> 0 | L18: =SUM(J18,K18) -> 0 | N18: =SUM(M18) -> 0 | Q18: =SUM(O18,P18) -> 0 | S18: =SUM(Q18,R18) -> 0 | T18: =SUM(J18,K18,O18,P18) -> 0 | U18: =SUM(I18,N18,S18) -> 0 | Z18: =SUM(X18,Y18) -> 0 | AB18: =IFERROR(V18/J18, 0) -> 0 | AC18: =IFERROR(W18/K18, 0) -> 0 | AD18: =IFERROR(Z18/O18, 0) -> 0 | AE18: =IFERROR(AA18/P18, 0) -> 0 | AF18: =IFERROR(SUM(V18,W18,Z18,AA18)/SUM(L18,Q18), 0) -> 0 | AM18: =SUM(AG18,AH18,AI18) -> 0 | AO18: =IFERROR((AN18/B18)*1000000, 0) -> 0
E19: =SUM(C19,D19) -> 0 | H19: =F19+G19 -> 0 | L19: =SUM(J19,K19) -> 0 | N19: =SUM(M19) -> 0 | Q19: =SUM(O19,P19) -> 0 | S19: =SUM(Q19,R19) -> 0 | T19: =SUM(J19,K19,O19,P19) -> 0 | U19: =SUM(I19,N19,S19) -> 0 | Z19: =SUM(X19,Y19) -> 0 | AB19: =IFERROR(V19/J19, 0) -> 0 | AC19: =IFERROR(W19/K19, 0) -> 0 | AD19: =IFERROR(Z19/O19, 0) -> 0 | AE19: =IFERROR(AA19/P19, 0) -> 0 | AF19: =IFERROR(SUM(V19,W19,Z19,AA19)/SUM(L19,Q19), 0) -> 0 | AM19: =SUM(AG19,AH19,AI19) -> 0 | AO19: =IFERROR((AN19/B19)*1000000, 0) -> 0
E20: =SUM(C20,D20) -> 0 | H20: =F20+G20 -> 0 | L20: =SUM(J20,K20) -> 0 | N20: =SUM(M20) -> 0 | Q20: =SUM(O20,P20) -> 0 | S20: =SUM(Q20,R20) -> 0 | T20: =SUM(J20,K20,O20,P20) -> 0 | U20: =SUM(I20,N20,S20) -> 0 | Z20: =SUM(X20,Y20) -> 0 | AB20: =IFERROR(V20/J20, 0) -> 0 | AC20: =IFERROR(W20/K20, 0) -> 0 | AD20: =IFERROR(Z20/O20, 0) -> 0 | AE20: =IFERROR(AA20/P20, 0) -> 0 | AF20: =IFERROR(SUM(V20,W20,Z20,AA20)/SUM(L20,Q20), 0) -> 0 | AM20: =SUM(AG20,AH20,AI20) -> 0 | AO20: =IFERROR((AN20/B20)*1000000, 0) -> 0
E21: =SUM(C21,D21) -> 0 | H21: =F21+G21 -> 0 | L21: =SUM(J21,K21) -> 0 | N21: =SUM(M21) -> 0 | Q21: =SUM(O21,P21) -> 0 | S21: =SUM(Q21,R21) -> 0 | T21: =SUM(J21,K21,O21,P21) -> 0 | U21: =SUM(I21,N21,S21) -> 0 | Z21: =SUM(X21,Y21) -> 0 | AB21: =IFERROR(V21/J21, 0) -> 0 | AC21: =IFERROR(W21/K21, 0) -> 0 | AD21: =IFERROR(Z21/O21, 0) -> 0 | AE21: =IFERROR(AA21/P21, 0) -> 0 | AF21: =IFERROR(SUM(V21,W21,Z21,AA21)/SUM(L21,Q21), 0) -> 0 | AM21: =SUM(AG21,AH21,AI21) -> 0 | AO21: =IFERROR((AN21/B21)*1000000, 0) -> 0
E22: =SUM(C22,D22) -> 0 | H22: =F22+G22 -> 0 | L22: =SUM(J22,K22) -> 0 | N22: =SUM(M22) -> 0 | Q22: =SUM(O22,P22) -> 0 | S22: =SUM(Q22,R22) -> 0 | T22: =SUM(J22,K22,O22,P22) -> 0 | U22: =SUM(I22,N22,S22) -> 0 | Z22: =SUM(X22,Y22) -> 0 | AB22: =IFERROR(V22/J22, 0) -> 0 | AC22: =IFERROR(W22/K22, 0) -> 0 | AD22: =IFERROR(Z22/O22, 0) -> 0 | AE22: =IFERROR(AA22/P22, 0) -> 0 | AF22: =IFERROR(SUM(V22,W22,Z22,AA22)/SUM(L22,Q22), 0) -> 0 | AM22: =SUM(AG22,AH22,AI22) -> 0 | AO22: =IFERROR((AN22/B22)*1000000, 0) -> 0
E23: =SUM(C23,D23) -> 0 | H23: =F23+G23 -> 0 | L23: =SUM(J23,K23) -> 0 | N23: =SUM(M23) -> 0 | Q23: =SUM(O23,P23) -> 0 | S23: =SUM(Q23,R23) -> 0 | T23: =SUM(J23,K23,O23,P23) -> 0 | U23: =SUM(I23,N23,S23) -> 0 | Z23: =SUM(X23,Y23) -> 0 | AB23: =IFERROR(V23/J23, 0) -> 0 | AC23: =IFERROR(W23/K23, 0) -> 0 | AD23: =IFERROR(Z23/O23, 0) -> 0 | AE23: =IFERROR(AA23/P23, 0) -> 0 | AF23: =IFERROR(SUM(V23,W23,Z23,AA23)/SUM(L23,Q23), 0) -> 0 | AM23: =SUM(AG23,AH23,AI23) -> 0 | AO23: =IFERROR((AN23/B23)*1000000, 0) -> 0
E24: =SUM(C24,D24) -> 0 | H24: =F24+G24 -> 0 | L24: =SUM(J24,K24) -> 0 | N24: =SUM(M24) -> 0 | Q24: =SUM(O24,P24) -> 0 | S24: =SUM(Q24,R24) -> 0 | T24: =SUM(J24,K24,O24,P24) -> 0 | U24: =SUM(I24,N24,S24) -> 0 | Z24: =SUM(X24,Y24) -> 0 | AB24: =IFERROR(V24/J24, 0) -> 0 | AC24: =IFERROR(W24/K24, 0) -> 0 | AD24: =IFERROR(Z24/O24, 0) -> 0 | AE24: =IFERROR(AA24/P24, 0) -> 0 | AF24: =IFERROR(SUM(V24,W24,Z24,AA24)/SUM(L24,Q24), 0) -> 0 | AM24: =SUM(AG24,AH24,AI24) -> 0 | AO24: =IFERROR((AN24/B24)*1000000, 0) -> 0
E25: =SUM(C25,D25) -> 0 | H25: =F25+G25 -> 0 | L25: =SUM(J25,K25) -> 0 | N25: =SUM(M25) -> 0 | Q25: =SUM(O25,P25) -> 0 | S25: =SUM(Q25,R25) -> 0 | T25: =SUM(J25,K25,O25,P25) -> 0 | U25: =SUM(I25,N25,S25) -> 0 | Z25: =SUM(X25,Y25) -> 0 | AB25: =IFERROR(V25/J25, 0) -> 0 | AC25: =IFERROR(W25/K25, 0) -> 0 | AD25: =IFERROR(Z25/O25, 0) -> 0 | AE25: =IFERROR(AA25/P25, 0) -> 0 | AF25: =IFERROR(SUM(V25,W25,Z25,AA25)/SUM(L25,Q25), 0) -> 0 | AM25: =SUM(AG25,AH25,AI25) -> 0 | AO25: =IFERROR((AN25/B25)*1000000, 0) -> 0
E26: =SUM(C26,D26) -> 0 | H26: =F26+G26 -> 0 | L26: =SUM(J26,K26) -> 0 | N26: =SUM(M26) -> 0 | Q26: =SUM(O26,P26) -> 0 | S26: =SUM(Q26,R26) -> 0 | T26: =SUM(J26,K26,O26,P26) -> 0 | U26: =SUM(I26,N26,S26) -> 0 | Z26: =SUM(X26,Y26) -> 0 | AB26: =IFERROR(V26/J26, 0) -> 0 | AC26: =IFERROR(W26/K26, 0) -> 0 | AD26: =IFERROR(Z26/O26, 0) -> 0 | AE26: =IFERROR(AA26/P26, 0) -> 0 | AF26: =IFERROR(SUM(V26,W26,Z26,AA26)/SUM(L26,Q26), 0) -> 0 | AM26: =SUM(AG26,AH26,AI26) -> 0 | AO26: =IFERROR((AN26/B26)*1000000, 0) -> 0
E27: =SUM(C27,D27) -> 0 | H27: =F27+G27 -> 0 | L27: =SUM(J27,K27) -> 0 | N27: =SUM(M27) -> 0 | Q27: =SUM(O27,P27) -> 0 | S27: =SUM(Q27,R27) -> 0 | T27: =SUM(J27,K27,O27,P27) -> 0 | U27: =SUM(I27,N27,S27) -> 0 | Z27: =SUM(X27,Y27) -> 0 | AB27: =IFERROR(V27/J27, 0) -> 0 | AC27: =IFERROR(W27/K27, 0) -> 0 | AD27: =IFERROR(Z27/O27, 0) -> 0 | AE27: =IFERROR(AA27/P27, 0) -> 0 | AF27: =IFERROR(SUM(V27,W27,Z27,AA27)/SUM(L27,Q27), 0) -> 0 | AM27: =SUM(AG27,AH27,AI27) -> 0 | AO27: =IFERROR((AN27/B27)*1000000, 0) -> 0
E28: =SUM(C28,D28) -> 0 | H28: =F28+G28 -> 0 | L28: =SUM(J28,K28) -> 0 | N28: =SUM(M28) -> 0 | Q28: =SUM(O28,P28) -> 0 | S28: =SUM(Q28,R28) -> 0 | T28: =SUM(J28,K28,O28,P28) -> 0 | U28: =SUM(I28,N28,S28) -> 0 | Z28: =SUM(X28,Y28) -> 0 | AB28: =IFERROR(V28/J28, 0) -> 0 | AC28: =IFERROR(W28/K28, 0) -> 0 | AD28: =IFERROR(Z28/O28, 0) -> 0 | AE28: =IFERROR(AA28/P28, 0) -> 0 | AF28: =IFERROR(SUM(V28,W28,Z28,AA28)/SUM(L28,Q28), 0) -> 0 | AM28: =SUM(AG28,AH28,AI28) -> 0 | AO28: =IFERROR((AN28/B28)*1000000, 0) -> 0
... E34: =SUM(C34,D34) -> 0 | H34: =F34+G34 -> 0 | L34: =SUM(J34,K34) -> 0 | N34: =SUM(M34) -> 0 | Q34: =SUM(O34,P34) -> 0 | S34: =SUM(Q34,R34) -> 0 | T34: =SUM(J34,K34,O34,P34) -> 0 | U34: =SUM(I34,N34,S34) -> 0 | Z34: =SUM(X34,Y34) -> 0 | AB34: =IFERROR(V34/J34, 0) -> 0 | AC34: =IFERROR(W34/K34, 0) -> 0 | AD34: =IFERROR(Z34/O34, 0) -> 0 | AE34: =IFERROR(AA34/P34, 0) -> 0 | AF34: =IFERROR(SUM(V34,W34,Z34,AA34)/SUM(L34,Q34), 0) -> 0 | AM34: =SUM(AG34,AH34,AI34) -> 0 | AO34: =IFERROR((AN34/B34)*1000000, 0) -> 0
E35: =SUM(C35:D35) -> 0 | H35: =F35+G35 -> 0 | L35: =SUM(J35,K35) -> 0 | N35: =SUM(M35) -> 0 | Q35: =SUM(O35,P35) -> 0 | S35: =SUM(Q35,R35) -> 0 | T35: =SUM(J35,K35,O35,P35) -> 0 | U35: =SUM(I35,N35,S35) -> 0 | Z35: =SUM(X35,Y35) -> 0 | AB35: =IFERROR(V35/J35, 0) -> 0 | AC35: =IFERROR(W35/K35, 0) -> 0 | AD35: =IFERROR(Z35/O35, 0) -> 0 | AE35: =IFERROR(AA35/P35, 0) -> 0 | AF35: =IFERROR(SUM(V35,W35,Z35,AA35)/SUM(L35,Q35), 0) -> 0 | AM35: =SUM(AG35,AH35,AI35) -> 0 | AO35: =IFERROR((AN35/B35)*1000000, 0) -> 0
A36: TOTAL | B36: =SUM(B16:B35) -> 0 | C36: =SUM(C16:C35) -> 0 | D36: =SUM(D16:D35) -> 0 | E36: =SUM(E16:E35) -> 0 | F36: =SUM(F16:F35) -> 0 | G36: =SUM(G16:G35) -> 0 | H36: =SUM(H16:H35) -> 0 | I36: =SUM(I16:I35) -> 0 | ... AA36: =SUM(AA16:AA35) -> 0 | AB36: =IFERROR(V36/J36, 0) -> 0 | AC36: =IFERROR(W36/K36, 0) -> 0 | AD36: =IFERROR(Z36/O36, 0) -> 0 | AE36: =IFERROR(AA36/P36, 0) -> 0 | AF36: =IFERROR(SUM(V36,W36,Z36,AA36)/SUM(L36,Q36), 0) -> 0 | AG36: =SUM(AG16:AG35) -> 0 | AH36: =SUM(AH16:AH35) -> 0 | AI36: =SUM(AI16:AI35) -> 0 | AJ36: =SUM(AJ16:AJ35) -> 0 | AK36: =SUM(AK16:AK35) -> 0 | AL36: =SUM(AL16:AL35) -> 0 | AM36: =SUM(AM16:AM35) -> 0 | AN36: =SUM(AN16:AN35) -> 0 | AO36: =IFERROR((AN36/B36)*1000000, 0) -> 0
A38: DATA VALIDATION | B38: 1 | C38: =IFERROR(__xludf.DUMMYFUNCTION("IF( COUNTUNIQUE($E$36,$H$36,$U$36,$AM$36)=1, ""✅ Totals of sex, age, animal bite cases, and biting animals match"", ""❌ Totals of sex, age, animal bite cases, and biting animals DO NOT match. Please recheck the data."" ) "),"✅ Totals of sex, age, animal bite cases, and biting animals match") -> ✅ Totals of sex, age, animal bite cases, and biting animals match
B39: 2 | C39: =IF( SUMPRODUCT(--(AB16:AF36>1))=0, "✅ PEP Coverage ≤100%", "❌ PEP Coverage cannot exceed 100%. "&SUMPRODUCT(--(AB16:AF36>1))&" cell(s) exceed 100%. Please recheck the data." ) -> ✅ PEP Coverage ≤100%
A40: * PEP (CCEEV ± RIG) non-eligible: Immunologically-naive (Category II): Exposure of a non-immunocompromised individual to a vaccinated animal (as defined in the AO) that is available for observation for 14 days, EXCEPT if any high-risk criteria are present. Previously-immunized (Category II & III): Exposure of a non-immunocompromised individual who completed at least three (3) doses of anti-rabies vaccine within the last six (6) months, EXCEPT if any high-risk criteria are present. High-risk criteria: 1. Vaccinated >6 months ago with ≥3 doses 2. Biting animal cannot be observed, is sick or rabid, dies, or is a bat 3. Wounds in highly innervated areas (neck, head, genital area, hands, toes, or in very close proximity to the CNS) 4. Multiple or deep wounds 5. Patient has uncontrolled co-morbidities 6. Patient is from a hard-to-reach area with infrequent transportation to and from ABTC/ABC **Case count of those who completed PEP (CCEEV ± RIG), not number of doses/vials FORM GUIDE: tinyurl.com/AnimalBiteRFGuide PEP DECISION TREE: tinyurl.com/RabiesPEPDecisionTree | V40: Prepared by: INSERT NAME NRCP Regional Program Manager | AB40: Reviewed by: INSERT NAME Infectious Disease Cluster Head | AH40: Approved by: INSERT NAME CHD Regional Director

Sheet Summary
B1: REPUBLIC OF THE PHILIPPINES
B2: DEPARTMENT OF HEALTH
B4: National Rabies Prevention and Control Program
B5: Animal Bite and Rabies Report Form
B7: Municipality: | H7: Period (Quarter, Year): | J7: Annual Summary
B9: IMPORTANT REMINDERS 1. Do NOT edit cells highlighted in green as their values are automatically computed. 2. Ensure totals of age, sex, animal bite cases, and biting animals are equal. Ensure all PEP coverage does not exceed 100%. 3. Submit the completed form signed by the Provincial Health Officer (PHO) to idc@mimaropa.doh.gov.ph by the 10th day of the month of the succeeding quarter (e.g., submit 2026 Q4 data by January 10, 2027).
A11: LOCATION (Barangay) | B11: TOTAL POPULATION | C11: ANIMAL BITE CASES | V11: POST-EXPOSURE PROPHYLAXIS (PEP) | AG11: BITING ANIMALS (7) | AN11: HUMAN RABIES CASES
C12: Sex | F12: Age | I12: Category | V12: PEP Completed** | AB12: PEP Coverage | AG12: Type | AJ12: Status | AM12: Total | AN12: Cases (PIDSR c/o RESU) | AO12: Incidence Proportion (per 10⁶)
C13: Male | D13: Female | E13: Total | F13: <15 | G13: >15 | H13: Total | I13: Category I (1) | J13: Category II | O13: Category III | T13: Total PEP eligible | U13: Total (Cat I+II+III) | V13: Category II | X13: Category III | AB13: Category II (4) | AD13: Category III (6) | AF13: Total CCEEV Coverage | AG13: Dog (7a) | AH13: Cat (7b) | AI13: Others (7c) | AJ13: Pet/ Domestic | AK13: Stray/ Free-roaming | AL13: Unknown
J14: PEP eligible | M14: PEP non-eligible* | N14: Total (2) | O14: PEP eligible | R14: PEP non-eligible* | S14: Total (5) | V14: Primary (CCEEV) | W14: Booster (CCEEV) | X14: Primary (CCEEV+RIG) | AA14: Booster (CCEEV only) | AB14: Primary (CCEEV) | AC14: Booster (CCEEV) | AD14: Primary (CCEEV+RIG) (6a) | AE14: Booster (CCEEV only) (6b)
J15: Primary (CCEEV) | K15: Booster (CCEEV) | L15: Total (3) | O15: Primary (CCEEV+RIG) | P15: Booster (CCEEV only) | Q15: Total | X15: ERIG | Y15: HRIG | Z15: Total
B16: ='Quarter 4'!B16 -> 0 | C16: =SUM(#REF!, 'Quarter 2'!C16, 'Quarter 3'!C16, 'Quarter 4'!C16) -> #REF! | D16: =SUM(#REF!, 'Quarter 2'!D16, 'Quarter 3'!D16, 'Quarter 4'!D16) -> #REF! | E16: =SUM(C16,D16) -> #REF! | F16: =SUM(#REF!, 'Quarter 2'!F16, 'Quarter 3'!F16, 'Quarter 4'!F16) -> #REF! | G16: =SUM(#REF!, 'Quarter 2'!G16, 'Quarter 3'!G16, 'Quarter 4'!G16) -> #REF! | H16: =F16+G16 -> #REF! | I16: =SUM(#REF!, 'Quarter 2'!I16, 'Quarter 3'!I16, 'Quarter 4'!I16) -> #REF! | J16: =SUM(#REF!, 'Quarter 2'!J16, 'Quarter 3'!J16, 'Quarter 4'!J16) -> #REF! | K16: =SUM(#REF!, 'Quarter 2'!K16, 'Quarter 3'!K16, 'Quarter 4'!K16) -> #REF! | L16: =SUM(J16,K16) -> #REF! | M16: =SUM(#REF!, 'Quarter 2'!M16, 'Quarter 3'!M16, 'Quarter 4'!M16) -> #REF! | N16: =SUM(M16) -> #REF! | O16: =SUM(#REF!, 'Quarter 2'!O16, 'Quarter 3'!O16, 'Quarter 4'!O16) -> #REF! | P16: =SUM(#REF!, 'Quarter 2'!P16, 'Quarter 3'!P16, 'Quarter 4'!P16) -> #REF! | Q16: =SUM(O16,P16) -> #REF! | R16: =SUM(#REF!, 'Quarter 2'!R16, 'Quarter 3'!R16, 'Quarter 4'!R16) -> #REF! | S16: =SUM(Q16,R16) -> #REF! | T16: =SUM(L16,Q16) -> #REF! | U16: =SUM(I16,N16,S16) -> #REF! | V16: =SUM(#REF!, 'Quarter 2'!V16, 'Quarter 3'!V16, 'Quarter 4'!V16) -> #REF! | W16: =SUM(#REF!, 'Quarter 2'!W16, 'Quarter 3'!W16, 'Quarter 4'!W16) -> #REF! | X16: =SUM(#REF!, 'Quarter 2'!X16, 'Quarter 3'!X16, 'Quarter 4'!X16) -> #REF! | Y16: =SUM(#REF!, 'Quarter 2'!Y16, 'Quarter 3'!Y16, 'Quarter 4'!Y16) -> #REF! | Z16: =SUM(X16,Y16) -> #REF! | AA16: =SUM(#REF!, 'Quarter 2'!AA16, 'Quarter 3'!AA16, 'Quarter 4'!AA16) -> #REF! | AB16: =IFERROR(V16/J16, 0) -> 0 | AC16: =IFERROR(W16/K16, 0) -> 0 | AD16: =IFERROR(Z16/O16, 0) -> 0 | AE16: =IFERROR(AA16/P16, 0) -> 0 | AF16: =IFERROR(SUM(V16,W16,Z16,AA16)/SUM(L16,Q16), 0) -> 0 | AG16: =SUM(#REF!, 'Quarter 2'!AG16, 'Quarter 3'!AG16, 'Quarter 4'!AG16) -> #REF! | AH16: =SUM(#REF!, 'Quarter 2'!AH16, 'Quarter 3'!AH16, 'Quarter 4'!AH16) -> #REF! | AI16: =SUM(#REF!, 'Quarter 2'!AI16, 'Quarter 3'!AI16, 'Quarter 4'!AI16) -> #REF! | AJ16: =SUM(#REF!, 'Quarter 2'!AJ16, 'Quarter 3'!AJ16, 'Quarter 4'!AJ16) -> #REF! | AK16: =SUM(#REF!, 'Quarter 2'!AK16, 'Quarter 3'!AK16, 'Quarter 4'!AK16) -> #REF! | AL16: =SUM(#REF!, 'Quarter 2'!AL16, 'Quarter 3'!AL16, 'Quarter 4'!AL16) -> #REF! | AM16: =SUM(AG16,AH16,AI16) -> #REF! | AN16: =SUM(#REF!, 'Quarter 2'!AO16, 'Quarter 3'!AN16, 'Quarter 4'!AN16) -> #REF! | AO16: =IFERROR((AN16/B16)*1000000, 0) -> 0
B17: ='Quarter 4'!B17 -> 0 | C17: =SUM(#REF!, 'Quarter 2'!C17, 'Quarter 3'!C17, 'Quarter 4'!C17) -> #REF! | D17: =SUM(#REF!, 'Quarter 2'!D17, 'Quarter 3'!D17, 'Quarter 4'!D17) -> #REF! | E17: =SUM(C17,D17) -> #REF! | F17: =SUM(#REF!, 'Quarter 2'!F17, 'Quarter 3'!F17, 'Quarter 4'!F17) -> #REF! | G17: =SUM(#REF!, 'Quarter 2'!G17, 'Quarter 3'!G17, 'Quarter 4'!G17) -> #REF! | H17: =F17+G17 -> #REF! | I17: =SUM(#REF!, 'Quarter 2'!I17, 'Quarter 3'!I17, 'Quarter 4'!I17) -> #REF! | J17: =SUM(#REF!, 'Quarter 2'!J17, 'Quarter 3'!J17, 'Quarter 4'!J17) -> #REF! | K17: =SUM(#REF!, 'Quarter 2'!K17, 'Quarter 3'!K17, 'Quarter 4'!K17) -> #REF! | L17: =SUM(J17,K17) -> #REF! | M17: =SUM(#REF!, 'Quarter 2'!M17, 'Quarter 3'!M17, 'Quarter 4'!M17) -> #REF! | N17: =SUM(M17) -> #REF! | O17: =SUM(#REF!, 'Quarter 2'!O17, 'Quarter 3'!O17, 'Quarter 4'!O17) -> #REF! | P17: =SUM(#REF!, 'Quarter 2'!P17, 'Quarter 3'!P17, 'Quarter 4'!P17) -> #REF! | Q17: =SUM(O17,P17) -> #REF! | R17: =SUM(#REF!, 'Quarter 2'!R17, 'Quarter 3'!R17, 'Quarter 4'!R17) -> #REF! | S17: =SUM(Q17,R17) -> #REF! | T17: =SUM(J17,K17,O17,P17) -> #REF! | U17: =SUM(I17,N17,S17) -> #REF! | V17: =SUM(#REF!, 'Quarter 2'!V17, 'Quarter 3'!V17, 'Quarter 4'!V17) -> #REF! | W17: =SUM(#REF!, 'Quarter 2'!W17, 'Quarter 3'!W17, 'Quarter 4'!W17) -> #REF! | X17: =SUM(#REF!, 'Quarter 2'!X17, 'Quarter 3'!X17, 'Quarter 4'!X17) -> #REF! | Y17: =SUM(#REF!, 'Quarter 2'!Y17, 'Quarter 3'!Y17, 'Quarter 4'!Y17) -> #REF! | Z17: =SUM(X17,Y17) -> #REF! | AA17: =SUM(#REF!, 'Quarter 2'!AA17, 'Quarter 3'!AA17, 'Quarter 4'!AA17) -> #REF! | AB17: =IFERROR(V17/J17, 0) -> 0 | AC17: =IFERROR(W17/K17, 0) -> 0 | AD17: =IFERROR(Z17/O17, 0) -> 0 | AE17: =IFERROR(AA17/P17, 0) -> 0 | AF17: =IFERROR(SUM(V17,W17,Z17,AA17)/SUM(L17,Q17), 0) -> 0 | AG17: =SUM(#REF!, 'Quarter 2'!AG17, 'Quarter 3'!AG17, 'Quarter 4'!AG17) -> #REF! | AH17: =SUM(#REF!, 'Quarter 2'!AH17, 'Quarter 3'!AH17, 'Quarter 4'!AH17) -> #REF! | AI17: =SUM(#REF!, 'Quarter 2'!AI17, 'Quarter 3'!AI17, 'Quarter 4'!AI17) -> #REF! | AJ17: =SUM(#REF!, 'Quarter 2'!AJ17, 'Quarter 3'!AJ17, 'Quarter 4'!AJ17) -> #REF! | AK17: =SUM(#REF!, 'Quarter 2'!AK17, 'Quarter 3'!AK17, 'Quarter 4'!AK17) -> #REF! | AL17: =SUM(#REF!, 'Quarter 2'!AL17, 'Quarter 3'!AL17, 'Quarter 4'!AL17) -> #REF! | AM17: =SUM(AG17,AH17,AI17) -> #REF! | AN17: =SUM(#REF!, 'Quarter 2'!AO17, 'Quarter 3'!AN17, 'Quarter 4'!AN17) -> #REF! | AO17: =IFERROR((AN17/B17)*1000000, 0) -> 0
B18: ='Quarter 4'!B18 -> 0 | C18: =SUM(#REF!, 'Quarter 2'!C18, 'Quarter 3'!C18, 'Quarter 4'!C18) -> #REF! | D18: =SUM(#REF!, 'Quarter 2'!D18, 'Quarter 3'!D18, 'Quarter 4'!D18) -> #REF! | E18: =SUM(C18,D18) -> #REF! | F18: =SUM(#REF!, 'Quarter 2'!F18, 'Quarter 3'!F18, 'Quarter 4'!F18) -> #REF! | G18: =SUM(#REF!, 'Quarter 2'!G18, 'Quarter 3'!G18, 'Quarter 4'!G18) -> #REF! | H18: =F18+G18 -> #REF! | I18: =SUM(#REF!, 'Quarter 2'!I18, 'Quarter 3'!I18, 'Quarter 4'!I18) -> #REF! | J18: =SUM(#REF!, 'Quarter 2'!J18, 'Quarter 3'!J18, 'Quarter 4'!J18) -> #REF! | K18: =SUM(#REF!, 'Quarter 2'!K18, 'Quarter 3'!K18, 'Quarter 4'!K18) -> #REF! | L18: =SUM(J18,K18) -> #REF! | M18: =SUM(#REF!, 'Quarter 2'!M18, 'Quarter 3'!M18, 'Quarter 4'!M18) -> #REF! | N18: =SUM(M18) -> #REF! | O18: =SUM(#REF!, 'Quarter 2'!O18, 'Quarter 3'!O18, 'Quarter 4'!O18) -> #REF! | P18: =SUM(#REF!, 'Quarter 2'!P18, 'Quarter 3'!P18, 'Quarter 4'!P18) -> #REF! | Q18: =SUM(O18,P18) -> #REF! | R18: =SUM(#REF!, 'Quarter 2'!R18, 'Quarter 3'!R18, 'Quarter 4'!R18) -> #REF! | S18: =SUM(Q18,R18) -> #REF! | T18: =SUM(J18,K18,O18,P18) -> #REF! | U18: =SUM(I18,N18,S18) -> #REF! | V18: =SUM(#REF!, 'Quarter 2'!V18, 'Quarter 3'!V18, 'Quarter 4'!V18) -> #REF! | W18: =SUM(#REF!, 'Quarter 2'!W18, 'Quarter 3'!W18, 'Quarter 4'!W18) -> #REF! | X18: =SUM(#REF!, 'Quarter 2'!X18, 'Quarter 3'!X18, 'Quarter 4'!X18) -> #REF! | Y18: =SUM(#REF!, 'Quarter 2'!Y18, 'Quarter 3'!Y18, 'Quarter 4'!Y18) -> #REF! | Z18: =SUM(X18,Y18) -> #REF! | AA18: =SUM(#REF!, 'Quarter 2'!AA18, 'Quarter 3'!AA18, 'Quarter 4'!AA18) -> #REF! | AB18: =IFERROR(V18/J18, 0) -> 0 | AC18: =IFERROR(W18/K18, 0) -> 0 | AD18: =IFERROR(Z18/O18, 0) -> 0 | AE18: =IFERROR(AA18/P18, 0) -> 0 | AF18: =IFERROR(SUM(V18,W18,Z18,AA18)/SUM(L18,Q18), 0) -> 0 | AG18: =SUM(#REF!, 'Quarter 2'!AG18, 'Quarter 3'!AG18, 'Quarter 4'!AG18) -> #REF! | AH18: =SUM(#REF!, 'Quarter 2'!AH18, 'Quarter 3'!AH18, 'Quarter 4'!AH18) -> #REF! | AI18: =SUM(#REF!, 'Quarter 2'!AI18, 'Quarter 3'!AI18, 'Quarter 4'!AI18) -> #REF! | AJ18: =SUM(#REF!, 'Quarter 2'!AJ18, 'Quarter 3'!AJ18, 'Quarter 4'!AJ18) -> #REF! | AK18: =SUM(#REF!, 'Quarter 2'!AK18, 'Quarter 3'!AK18, 'Quarter 4'!AK18) -> #REF! | AL18: =SUM(#REF!, 'Quarter 2'!AL18, 'Quarter 3'!AL18, 'Quarter 4'!AL18) -> #REF! | AM18: =SUM(AG18,AH18,AI18) -> #REF! | AN18: =SUM(#REF!, 'Quarter 2'!AO18, 'Quarter 3'!AN18, 'Quarter 4'!AN18) -> #REF! | AO18: =IFERROR((AN18/B18)*1000000, 0) -> 0
B19: ='Quarter 4'!B19 -> 0 | C19: =SUM(#REF!, 'Quarter 2'!C19, 'Quarter 3'!C19, 'Quarter 4'!C19) -> #REF! | D19: =SUM(#REF!, 'Quarter 2'!D19, 'Quarter 3'!D19, 'Quarter 4'!D19) -> #REF! | E19: =SUM(C19,D19) -> #REF! | F19: =SUM(#REF!, 'Quarter 2'!F19, 'Quarter 3'!F19, 'Quarter 4'!F19) -> #REF! | G19: =SUM(#REF!, 'Quarter 2'!G19, 'Quarter 3'!G19, 'Quarter 4'!G19) -> #REF! | H19: =F19+G19 -> #REF! | I19: =SUM(#REF!, 'Quarter 2'!I19, 'Quarter 3'!I19, 'Quarter 4'!I19) -> #REF! | J19: =SUM(#REF!, 'Quarter 2'!J19, 'Quarter 3'!J19, 'Quarter 4'!J19) -> #REF! | K19: =SUM(#REF!, 'Quarter 2'!K19, 'Quarter 3'!K19, 'Quarter 4'!K19) -> #REF! | L19: =SUM(J19,K19) -> #REF! | M19: =SUM(#REF!, 'Quarter 2'!M19, 'Quarter 3'!M19, 'Quarter 4'!M19) -> #REF! | N19: =SUM(M19) -> #REF! | O19: =SUM(#REF!, 'Quarter 2'!O19, 'Quarter 3'!O19, 'Quarter 4'!O19) -> #REF! | P19: =SUM(#REF!, 'Quarter 2'!P19, 'Quarter 3'!P19, 'Quarter 4'!P19) -> #REF! | Q19: =SUM(O19,P19) -> #REF! | R19: =SUM(#REF!, 'Quarter 2'!R19, 'Quarter 3'!R19, 'Quarter 4'!R19) -> #REF! | S19: =SUM(Q19,R19) -> #REF! | T19: =SUM(J19,K19,O19,P19) -> #REF! | U19: =SUM(I19,N19,S19) -> #REF! | V19: =SUM(#REF!, 'Quarter 2'!V19, 'Quarter 3'!V19, 'Quarter 4'!V19) -> #REF! | W19: =SUM(#REF!, 'Quarter 2'!W19, 'Quarter 3'!W19, 'Quarter 4'!W19) -> #REF! | X19: =SUM(#REF!, 'Quarter 2'!X19, 'Quarter 3'!X19, 'Quarter 4'!X19) -> #REF! | Y19: =SUM(#REF!, 'Quarter 2'!Y19, 'Quarter 3'!Y19, 'Quarter 4'!Y19) -> #REF! | Z19: =SUM(X19,Y19) -> #REF! | AA19: =SUM(#REF!, 'Quarter 2'!AA19, 'Quarter 3'!AA19, 'Quarter 4'!AA19) -> #REF! | AB19: =IFERROR(V19/J19, 0) -> 0 | AC19: =IFERROR(W19/K19, 0) -> 0 | AD19: =IFERROR(Z19/O19, 0) -> 0 | AE19: =IFERROR(AA19/P19, 0) -> 0 | AF19: =IFERROR(SUM(V19,W19,Z19,AA19)/SUM(L19,Q19), 0) -> 0 | AG19: =SUM(#REF!, 'Quarter 2'!AG19, 'Quarter 3'!AG19, 'Quarter 4'!AG19) -> #REF! | AH19: =SUM(#REF!, 'Quarter 2'!AH19, 'Quarter 3'!AH19, 'Quarter 4'!AH19) -> #REF! | AI19: =SUM(#REF!, 'Quarter 2'!AI19, 'Quarter 3'!AI19, 'Quarter 4'!AI19) -> #REF! | AJ19: =SUM(#REF!, 'Quarter 2'!AJ19, 'Quarter 3'!AJ19, 'Quarter 4'!AJ19) -> #REF! | AK19: =SUM(#REF!, 'Quarter 2'!AK19, 'Quarter 3'!AK19, 'Quarter 4'!AK19) -> #REF! | AL19: =SUM(#REF!, 'Quarter 2'!AL19, 'Quarter 3'!AL19, 'Quarter 4'!AL19) -> #REF! | AM19: =SUM(AG19,AH19,AI19) -> #REF! | AN19: =SUM(#REF!, 'Quarter 2'!AO19, 'Quarter 3'!AN19, 'Quarter 4'!AN19) -> #REF! | AO19: =IFERROR((AN19/B19)*1000000, 0) -> 0
B20: ='Quarter 4'!B20 -> 0 | C20: =SUM(#REF!, 'Quarter 2'!C20, 'Quarter 3'!C20, 'Quarter 4'!C20) -> #REF! | D20: =SUM(#REF!, 'Quarter 2'!D20, 'Quarter 3'!D20, 'Quarter 4'!D20) -> #REF! | E20: =SUM(C20,D20) -> #REF! | F20: =SUM(#REF!, 'Quarter 2'!F20, 'Quarter 3'!F20, 'Quarter 4'!F20) -> #REF! | G20: =SUM(#REF!, 'Quarter 2'!G20, 'Quarter 3'!G20, 'Quarter 4'!G20) -> #REF! | H20: =F20+G20 -> #REF! | I20: =SUM(#REF!, 'Quarter 2'!I20, 'Quarter 3'!I20, 'Quarter 4'!I20) -> #REF! | J20: =SUM(#REF!, 'Quarter 2'!J20, 'Quarter 3'!J20, 'Quarter 4'!J20) -> #REF! | K20: =SUM(#REF!, 'Quarter 2'!K20, 'Quarter 3'!K20, 'Quarter 4'!K20) -> #REF! | L20: =SUM(J20,K20) -> #REF! | M20: =SUM(#REF!, 'Quarter 2'!M20, 'Quarter 3'!M20, 'Quarter 4'!M20) -> #REF! | N20: =SUM(M20) -> #REF! | O20: =SUM(#REF!, 'Quarter 2'!O20, 'Quarter 3'!O20, 'Quarter 4'!O20) -> #REF! | P20: =SUM(#REF!, 'Quarter 2'!P20, 'Quarter 3'!P20, 'Quarter 4'!P20) -> #REF! | Q20: =SUM(O20,P20) -> #REF! | R20: =SUM(#REF!, 'Quarter 2'!R20, 'Quarter 3'!R20, 'Quarter 4'!R20) -> #REF! | S20: =SUM(Q20,R20) -> #REF! | T20: =SUM(J20,K20,O20,P20) -> #REF! | U20: =SUM(I20,N20,S20) -> #REF! | V20: =SUM(#REF!, 'Quarter 2'!V20, 'Quarter 3'!V20, 'Quarter 4'!V20) -> #REF! | W20: =SUM(#REF!, 'Quarter 2'!W20, 'Quarter 3'!W20, 'Quarter 4'!W20) -> #REF! | X20: =SUM(#REF!, 'Quarter 2'!X20, 'Quarter 3'!X20, 'Quarter 4'!X20) -> #REF! | Y20: =SUM(#REF!, 'Quarter 2'!Y20, 'Quarter 3'!Y20, 'Quarter 4'!Y20) -> #REF! | Z20: =SUM(X20,Y20) -> #REF! | AA20: =SUM(#REF!, 'Quarter 2'!AA20, 'Quarter 3'!AA20, 'Quarter 4'!AA20) -> #REF! | AB20: =IFERROR(V20/J20, 0) -> 0 | AC20: =IFERROR(W20/K20, 0) -> 0 | AD20: =IFERROR(Z20/O20, 0) -> 0 | AE20: =IFERROR(AA20/P20, 0) -> 0 | AF20: =IFERROR(SUM(V20,W20,Z20,AA20)/SUM(L20,Q20), 0) -> 0 | AG20: =SUM(#REF!, 'Quarter 2'!AG20, 'Quarter 3'!AG20, 'Quarter 4'!AG20) -> #REF! | AH20: =SUM(#REF!, 'Quarter 2'!AH20, 'Quarter 3'!AH20, 'Quarter 4'!AH20) -> #REF! | AI20: =SUM(#REF!, 'Quarter 2'!AI20, 'Quarter 3'!AI20, 'Quarter 4'!AI20) -> #REF! | AJ20: =SUM(#REF!, 'Quarter 2'!AJ20, 'Quarter 3'!AJ20, 'Quarter 4'!AJ20) -> #REF! | AK20: =SUM(#REF!, 'Quarter 2'!AK20, 'Quarter 3'!AK20, 'Quarter 4'!AK20) -> #REF! | AL20: =SUM(#REF!, 'Quarter 2'!AL20, 'Quarter 3'!AL20, 'Quarter 4'!AL20) -> #REF! | AM20: =SUM(AG20,AH20,AI20) -> #REF! | AN20: =SUM(#REF!, 'Quarter 2'!AO20, 'Quarter 3'!AN20, 'Quarter 4'!AN20) -> #REF! | AO20: =IFERROR((AN20/B20)*1000000, 0) -> 0
B21: ='Quarter 4'!B21 -> 0 | C21: =SUM(#REF!, 'Quarter 2'!C21, 'Quarter 3'!C21, 'Quarter 4'!C21) -> #REF! | D21: =SUM(#REF!, 'Quarter 2'!D21, 'Quarter 3'!D21, 'Quarter 4'!D21) -> #REF! | E21: =SUM(C21,D21) -> #REF! | F21: =SUM(#REF!, 'Quarter 2'!F21, 'Quarter 3'!F21, 'Quarter 4'!F21) -> #REF! | G21: =SUM(#REF!, 'Quarter 2'!G21, 'Quarter 3'!G21, 'Quarter 4'!G21) -> #REF! | H21: =F21+G21 -> #REF! | I21: =SUM(#REF!, 'Quarter 2'!I21, 'Quarter 3'!I21, 'Quarter 4'!I21) -> #REF! | J21: =SUM(#REF!, 'Quarter 2'!J21, 'Quarter 3'!J21, 'Quarter 4'!J21) -> #REF! | K21: =SUM(#REF!, 'Quarter 2'!K21, 'Quarter 3'!K21, 'Quarter 4'!K21) -> #REF! | L21: =SUM(J21,K21) -> #REF! | M21: =SUM(#REF!, 'Quarter 2'!M21, 'Quarter 3'!M21, 'Quarter 4'!M21) -> #REF! | N21: =SUM(M21) -> #REF! | O21: =SUM(#REF!, 'Quarter 2'!O21, 'Quarter 3'!O21, 'Quarter 4'!O21) -> #REF! | P21: =SUM(#REF!, 'Quarter 2'!P21, 'Quarter 3'!P21, 'Quarter 4'!P21) -> #REF! | Q21: =SUM(O21,P21) -> #REF! | R21: =SUM(#REF!, 'Quarter 2'!R21, 'Quarter 3'!R21, 'Quarter 4'!R21) -> #REF! | S21: =SUM(Q21,R21) -> #REF! | T21: =SUM(J21,K21,O21,P21) -> #REF! | U21: =SUM(I21,N21,S21) -> #REF! | V21: =SUM(#REF!, 'Quarter 2'!V21, 'Quarter 3'!V21, 'Quarter 4'!V21) -> #REF! | W21: =SUM(#REF!, 'Quarter 2'!W21, 'Quarter 3'!W21, 'Quarter 4'!W21) -> #REF! | X21: =SUM(#REF!, 'Quarter 2'!X21, 'Quarter 3'!X21, 'Quarter 4'!X21) -> #REF! | Y21: =SUM(#REF!, 'Quarter 2'!Y21, 'Quarter 3'!Y21, 'Quarter 4'!Y21) -> #REF! | Z21: =SUM(X21,Y21) -> #REF! | AA21: =SUM(#REF!, 'Quarter 2'!AA21, 'Quarter 3'!AA21, 'Quarter 4'!AA21) -> #REF! | AB21: =IFERROR(V21/J21, 0) -> 0 | AC21: =IFERROR(W21/K21, 0) -> 0 | AD21: =IFERROR(Z21/O21, 0) -> 0 | AE21: =IFERROR(AA21/P21, 0) -> 0 | AF21: =IFERROR(SUM(V21,W21,Z21,AA21)/SUM(L21,Q21), 0) -> 0 | AG21: =SUM(#REF!, 'Quarter 2'!AG21, 'Quarter 3'!AG21, 'Quarter 4'!AG21) -> #REF! | AH21: =SUM(#REF!, 'Quarter 2'!AH21, 'Quarter 3'!AH21, 'Quarter 4'!AH21) -> #REF! | AI21: =SUM(#REF!, 'Quarter 2'!AI21, 'Quarter 3'!AI21, 'Quarter 4'!AI21) -> #REF! | AJ21: =SUM(#REF!, 'Quarter 2'!AJ21, 'Quarter 3'!AJ21, 'Quarter 4'!AJ21) -> #REF! | AK21: =SUM(#REF!, 'Quarter 2'!AK21, 'Quarter 3'!AK21, 'Quarter 4'!AK21) -> #REF! | AL21: =SUM(#REF!, 'Quarter 2'!AL21, 'Quarter 3'!AL21, 'Quarter 4'!AL21) -> #REF! | AM21: =SUM(AG21,AH21,AI21) -> #REF! | AN21: =SUM(#REF!, 'Quarter 2'!AO21, 'Quarter 3'!AN21, 'Quarter 4'!AN21) -> #REF! | AO21: =IFERROR((AN21/B21)*1000000, 0) -> 0
B22: ='Quarter 4'!B22 -> 0 | C22: =SUM(#REF!, 'Quarter 2'!C22, 'Quarter 3'!C22, 'Quarter 4'!C22) -> #REF! | D22: =SUM(#REF!, 'Quarter 2'!D22, 'Quarter 3'!D22, 'Quarter 4'!D22) -> #REF! | E22: =SUM(C22,D22) -> #REF! | F22: =SUM(#REF!, 'Quarter 2'!F22, 'Quarter 3'!F22, 'Quarter 4'!F22) -> #REF! | G22: =SUM(#REF!, 'Quarter 2'!G22, 'Quarter 3'!G22, 'Quarter 4'!G22) -> #REF! | H22: =F22+G22 -> #REF! | I22: =SUM(#REF!, 'Quarter 2'!I22, 'Quarter 3'!I22, 'Quarter 4'!I22) -> #REF! | J22: =SUM(#REF!, 'Quarter 2'!J22, 'Quarter 3'!J22, 'Quarter 4'!J22) -> #REF! | K22: =SUM(#REF!, 'Quarter 2'!K22, 'Quarter 3'!K22, 'Quarter 4'!K22) -> #REF! | L22: =SUM(J22,K22) -> #REF! | M22: =SUM(#REF!, 'Quarter 2'!M22, 'Quarter 3'!M22, 'Quarter 4'!M22) -> #REF! | N22: =SUM(M22) -> #REF! | O22: =SUM(#REF!, 'Quarter 2'!O22, 'Quarter 3'!O22, 'Quarter 4'!O22) -> #REF! | P22: =SUM(#REF!, 'Quarter 2'!P22, 'Quarter 3'!P22, 'Quarter 4'!P22) -> #REF! | Q22: =SUM(O22,P22) -> #REF! | R22: =SUM(#REF!, 'Quarter 2'!R22, 'Quarter 3'!R22, 'Quarter 4'!R22) -> #REF! | S22: =SUM(Q22,R22) -> #REF! | T22: =SUM(J22,K22,O22,P22) -> #REF! | U22: =SUM(I22,N22,S22) -> #REF! | V22: =SUM(#REF!, 'Quarter 2'!V22, 'Quarter 3'!V22, 'Quarter 4'!V22) -> #REF! | W22: =SUM(#REF!, 'Quarter 2'!W22, 'Quarter 3'!W22, 'Quarter 4'!W22) -> #REF! | X22: =SUM(#REF!, 'Quarter 2'!X22, 'Quarter 3'!X22, 'Quarter 4'!X22) -> #REF! | Y22: =SUM(#REF!, 'Quarter 2'!Y22, 'Quarter 3'!Y22, 'Quarter 4'!Y22) -> #REF! | Z22: =SUM(X22,Y22) -> #REF! | AA22: =SUM(#REF!, 'Quarter 2'!AA22, 'Quarter 3'!AA22, 'Quarter 4'!AA22) -> #REF! | AB22: =IFERROR(V22/J22, 0) -> 0 | AC22: =IFERROR(W22/K22, 0) -> 0 | AD22: =IFERROR(Z22/O22, 0) -> 0 | AE22: =IFERROR(AA22/P22, 0) -> 0 | AF22: =IFERROR(SUM(V22,W22,Z22,AA22)/SUM(L22,Q22), 0) -> 0 | AG22: =SUM(#REF!, 'Quarter 2'!AG22, 'Quarter 3'!AG22, 'Quarter 4'!AG22) -> #REF! | AH22: =SUM(#REF!, 'Quarter 2'!AH22, 'Quarter 3'!AH22, 'Quarter 4'!AH22) -> #REF! | AI22: =SUM(#REF!, 'Quarter 2'!AI22, 'Quarter 3'!AI22, 'Quarter 4'!AI22) -> #REF! | AJ22: =SUM(#REF!, 'Quarter 2'!AJ22, 'Quarter 3'!AJ22, 'Quarter 4'!AJ22) -> #REF! | AK22: =SUM(#REF!, 'Quarter 2'!AK22, 'Quarter 3'!AK22, 'Quarter 4'!AK22) -> #REF! | AL22: =SUM(#REF!, 'Quarter 2'!AL22, 'Quarter 3'!AL22, 'Quarter 4'!AL22) -> #REF! | AM22: =SUM(AG22,AH22,AI22) -> #REF! | AN22: =SUM(#REF!, 'Quarter 2'!AO22, 'Quarter 3'!AN22, 'Quarter 4'!AN22) -> #REF! | AO22: =IFERROR((AN22/B22)*1000000, 0) -> 0
B23: ='Quarter 4'!B23 -> 0 | C23: =SUM(#REF!, 'Quarter 2'!C23, 'Quarter 3'!C23, 'Quarter 4'!C23) -> #REF! | D23: =SUM(#REF!, 'Quarter 2'!D23, 'Quarter 3'!D23, 'Quarter 4'!D23) -> #REF! | E23: =SUM(C23,D23) -> #REF! | F23: =SUM(#REF!, 'Quarter 2'!F23, 'Quarter 3'!F23, 'Quarter 4'!F23) -> #REF! | G23: =SUM(#REF!, 'Quarter 2'!G23, 'Quarter 3'!G23, 'Quarter 4'!G23) -> #REF! | H23: =F23+G23 -> #REF! | I23: =SUM(#REF!, 'Quarter 2'!I23, 'Quarter 3'!I23, 'Quarter 4'!I23) -> #REF! | J23: =SUM(#REF!, 'Quarter 2'!J23, 'Quarter 3'!J23, 'Quarter 4'!J23) -> #REF! | K23: =SUM(#REF!, 'Quarter 2'!K23, 'Quarter 3'!K23, 'Quarter 4'!K23) -> #REF! | L23: =SUM(J23,K23) -> #REF! | M23: =SUM(#REF!, 'Quarter 2'!M23, 'Quarter 3'!M23, 'Quarter 4'!M23) -> #REF! | N23: =SUM(M23) -> #REF! | O23: =SUM(#REF!, 'Quarter 2'!O23, 'Quarter 3'!O23, 'Quarter 4'!O23) -> #REF! | P23: =SUM(#REF!, 'Quarter 2'!P23, 'Quarter 3'!P23, 'Quarter 4'!P23) -> #REF! | Q23: =SUM(O23,P23) -> #REF! | R23: =SUM(#REF!, 'Quarter 2'!R23, 'Quarter 3'!R23, 'Quarter 4'!R23) -> #REF! | S23: =SUM(Q23,R23) -> #REF! | T23: =SUM(J23,K23,O23,P23) -> #REF! | U23: =SUM(I23,N23,S23) -> #REF! | V23: =SUM(#REF!, 'Quarter 2'!V23, 'Quarter 3'!V23, 'Quarter 4'!V23) -> #REF! | W23: =SUM(#REF!, 'Quarter 2'!W23, 'Quarter 3'!W23, 'Quarter 4'!W23) -> #REF! | X23: =SUM(#REF!, 'Quarter 2'!X23, 'Quarter 3'!X23, 'Quarter 4'!X23) -> #REF! | Y23: =SUM(#REF!, 'Quarter 2'!Y23, 'Quarter 3'!Y23, 'Quarter 4'!Y23) -> #REF! | Z23: =SUM(X23,Y23) -> #REF! | AA23: =SUM(#REF!, 'Quarter 2'!AA23, 'Quarter 3'!AA23, 'Quarter 4'!AA23) -> #REF! | AB23: =IFERROR(V23/J23, 0) -> 0 | AC23: =IFERROR(W23/K23, 0) -> 0 | AD23: =IFERROR(Z23/O23, 0) -> 0 | AE23: =IFERROR(AA23/P23, 0) -> 0 | AF23: =IFERROR(SUM(V23,W23,Z23,AA23)/SUM(L23,Q23), 0) -> 0 | AG23: =SUM(#REF!, 'Quarter 2'!AG23, 'Quarter 3'!AG23, 'Quarter 4'!AG23) -> #REF! | AH23: =SUM(#REF!, 'Quarter 2'!AH23, 'Quarter 3'!AH23, 'Quarter 4'!AH23) -> #REF! | AI23: =SUM(#REF!, 'Quarter 2'!AI23, 'Quarter 3'!AI23, 'Quarter 4'!AI23) -> #REF! | AJ23: =SUM(#REF!, 'Quarter 2'!AJ23, 'Quarter 3'!AJ23, 'Quarter 4'!AJ23) -> #REF! | AK23: =SUM(#REF!, 'Quarter 2'!AK23, 'Quarter 3'!AK23, 'Quarter 4'!AK23) -> #REF! | AL23: =SUM(#REF!, 'Quarter 2'!AL23, 'Quarter 3'!AL23, 'Quarter 4'!AL23) -> #REF! | AM23: =SUM(AG23,AH23,AI23) -> #REF! | AN23: =SUM(#REF!, 'Quarter 2'!AO23, 'Quarter 3'!AN23, 'Quarter 4'!AN23) -> #REF! | AO23: =IFERROR((AN23/B23)*1000000, 0) -> 0
B24: ='Quarter 4'!B24 -> 0 | C24: =SUM(#REF!, 'Quarter 2'!C24, 'Quarter 3'!C24, 'Quarter 4'!C24) -> #REF! | D24: =SUM(#REF!, 'Quarter 2'!D24, 'Quarter 3'!D24, 'Quarter 4'!D24) -> #REF! | E24: =SUM(C24,D24) -> #REF! | F24: =SUM(#REF!, 'Quarter 2'!F24, 'Quarter 3'!F24, 'Quarter 4'!F24) -> #REF! | G24: =SUM(#REF!, 'Quarter 2'!G24, 'Quarter 3'!G24, 'Quarter 4'!G24) -> #REF! | H24: =F24+G24 -> #REF! | I24: =SUM(#REF!, 'Quarter 2'!I24, 'Quarter 3'!I24, 'Quarter 4'!I24) -> #REF! | J24: =SUM(#REF!, 'Quarter 2'!J24, 'Quarter 3'!J24, 'Quarter 4'!J24) -> #REF! | K24: =SUM(#REF!, 'Quarter 2'!K24, 'Quarter 3'!K24, 'Quarter 4'!K24) -> #REF! | L24: =SUM(J24,K24) -> #REF! | M24: =SUM(#REF!, 'Quarter 2'!M24, 'Quarter 3'!M24, 'Quarter 4'!M24) -> #REF! | N24: =SUM(M24) -> #REF! | O24: =SUM(#REF!, 'Quarter 2'!O24, 'Quarter 3'!O24, 'Quarter 4'!O24) -> #REF! | P24: =SUM(#REF!, 'Quarter 2'!P24, 'Quarter 3'!P24, 'Quarter 4'!P24) -> #REF! | Q24: =SUM(O24,P24) -> #REF! | R24: =SUM(#REF!, 'Quarter 2'!R24, 'Quarter 3'!R24, 'Quarter 4'!R24) -> #REF! | S24: =SUM(Q24,R24) -> #REF! | T24: =SUM(J24,K24,O24,P24) -> #REF! | U24: =SUM(I24,N24,S24) -> #REF! | V24: =SUM(#REF!, 'Quarter 2'!V24, 'Quarter 3'!V24, 'Quarter 4'!V24) -> #REF! | W24: =SUM(#REF!, 'Quarter 2'!W24, 'Quarter 3'!W24, 'Quarter 4'!W24) -> #REF! | X24: =SUM(#REF!, 'Quarter 2'!X24, 'Quarter 3'!X24, 'Quarter 4'!X24) -> #REF! | Y24: =SUM(#REF!, 'Quarter 2'!Y24, 'Quarter 3'!Y24, 'Quarter 4'!Y24) -> #REF! | Z24: =SUM(X24,Y24) -> #REF! | AA24: =SUM(#REF!, 'Quarter 2'!AA24, 'Quarter 3'!AA24, 'Quarter 4'!AA24) -> #REF! | AB24: =IFERROR(V24/J24, 0) -> 0 | AC24: =IFERROR(W24/K24, 0) -> 0 | AD24: =IFERROR(Z24/O24, 0) -> 0 | AE24: =IFERROR(AA24/P24, 0) -> 0 | AF24: =IFERROR(SUM(V24,W24,Z24,AA24)/SUM(L24,Q24), 0) -> 0 | AG24: =SUM(#REF!, 'Quarter 2'!AG24, 'Quarter 3'!AG24, 'Quarter 4'!AG24) -> #REF! | AH24: =SUM(#REF!, 'Quarter 2'!AH24, 'Quarter 3'!AH24, 'Quarter 4'!AH24) -> #REF! | AI24: =SUM(#REF!, 'Quarter 2'!AI24, 'Quarter 3'!AI24, 'Quarter 4'!AI24) -> #REF! | AJ24: =SUM(#REF!, 'Quarter 2'!AJ24, 'Quarter 3'!AJ24, 'Quarter 4'!AJ24) -> #REF! | AK24: =SUM(#REF!, 'Quarter 2'!AK24, 'Quarter 3'!AK24, 'Quarter 4'!AK24) -> #REF! | AL24: =SUM(#REF!, 'Quarter 2'!AL24, 'Quarter 3'!AL24, 'Quarter 4'!AL24) -> #REF! | AM24: =SUM(AG24,AH24,AI24) -> #REF! | AN24: =SUM(#REF!, 'Quarter 2'!AO24, 'Quarter 3'!AN24, 'Quarter 4'!AN24) -> #REF! | AO24: =IFERROR((AN24/B24)*1000000, 0) -> 0
B25: ='Quarter 4'!B25 -> 0 | C25: =SUM(#REF!, 'Quarter 2'!C25, 'Quarter 3'!C25, 'Quarter 4'!C25) -> #REF! | D25: =SUM(#REF!, 'Quarter 2'!D25, 'Quarter 3'!D25, 'Quarter 4'!D25) -> #REF! | E25: =SUM(C25,D25) -> #REF! | F25: =SUM(#REF!, 'Quarter 2'!F25, 'Quarter 3'!F25, 'Quarter 4'!F25) -> #REF! | G25: =SUM(#REF!, 'Quarter 2'!G25, 'Quarter 3'!G25, 'Quarter 4'!G25) -> #REF! | H25: =F25+G25 -> #REF! | I25: =SUM(#REF!, 'Quarter 2'!I25, 'Quarter 3'!I25, 'Quarter 4'!I25) -> #REF! | J25: =SUM(#REF!, 'Quarter 2'!J25, 'Quarter 3'!J25, 'Quarter 4'!J25) -> #REF! | K25: =SUM(#REF!, 'Quarter 2'!K25, 'Quarter 3'!K25, 'Quarter 4'!K25) -> #REF! | L25: =SUM(J25,K25) -> #REF! | M25: =SUM(#REF!, 'Quarter 2'!M25, 'Quarter 3'!M25, 'Quarter 4'!M25) -> #REF! | N25: =SUM(M25) -> #REF! | O25: =SUM(#REF!, 'Quarter 2'!O25, 'Quarter 3'!O25, 'Quarter 4'!O25) -> #REF! | P25: =SUM(#REF!, 'Quarter 2'!P25, 'Quarter 3'!P25, 'Quarter 4'!P25) -> #REF! | Q25: =SUM(O25,P25) -> #REF! | R25: =SUM(#REF!, 'Quarter 2'!R25, 'Quarter 3'!R25, 'Quarter 4'!R25) -> #REF! | S25: =SUM(Q25,R25) -> #REF! | T25: =SUM(J25,K25,O25,P25) -> #REF! | U25: =SUM(I25,N25,S25) -> #REF! | V25: =SUM(#REF!, 'Quarter 2'!V25, 'Quarter 3'!V25, 'Quarter 4'!V25) -> #REF! | W25: =SUM(#REF!, 'Quarter 2'!W25, 'Quarter 3'!W25, 'Quarter 4'!W25) -> #REF! | X25: =SUM(#REF!, 'Quarter 2'!X25, 'Quarter 3'!X25, 'Quarter 4'!X25) -> #REF! | Y25: =SUM(#REF!, 'Quarter 2'!Y25, 'Quarter 3'!Y25, 'Quarter 4'!Y25) -> #REF! | Z25: =SUM(X25,Y25) -> #REF! | AA25: =SUM(#REF!, 'Quarter 2'!AA25, 'Quarter 3'!AA25, 'Quarter 4'!AA25) -> #REF! | AB25: =IFERROR(V25/J25, 0) -> 0 | AC25: =IFERROR(W25/K25, 0) -> 0 | AD25: =IFERROR(Z25/O25, 0) -> 0 | AE25: =IFERROR(AA25/P25, 0) -> 0 | AF25: =IFERROR(SUM(V25,W25,Z25,AA25)/SUM(L25,Q25), 0) -> 0 | AG25: =SUM(#REF!, 'Quarter 2'!AG25, 'Quarter 3'!AG25, 'Quarter 4'!AG25) -> #REF! | AH25: =SUM(#REF!, 'Quarter 2'!AH25, 'Quarter 3'!AH25, 'Quarter 4'!AH25) -> #REF! | AI25: =SUM(#REF!, 'Quarter 2'!AI25, 'Quarter 3'!AI25, 'Quarter 4'!AI25) -> #REF! | AJ25: =SUM(#REF!, 'Quarter 2'!AJ25, 'Quarter 3'!AJ25, 'Quarter 4'!AJ25) -> #REF! | AK25: =SUM(#REF!, 'Quarter 2'!AK25, 'Quarter 3'!AK25, 'Quarter 4'!AK25) -> #REF! | AL25: =SUM(#REF!, 'Quarter 2'!AL25, 'Quarter 3'!AL25, 'Quarter 4'!AL25) -> #REF! | AM25: =SUM(AG25,AH25,AI25) -> #REF! | AN25: =SUM(#REF!, 'Quarter 2'!AO25, 'Quarter 3'!AN25, 'Quarter 4'!AN25) -> #REF! | AO25: =IFERROR((AN25/B25)*1000000, 0) -> 0
B26: ='Quarter 4'!B26 -> 0 | C26: =SUM(#REF!, 'Quarter 2'!C26, 'Quarter 3'!C26, 'Quarter 4'!C26) -> #REF! | D26: =SUM(#REF!, 'Quarter 2'!D26, 'Quarter 3'!D26, 'Quarter 4'!D26) -> #REF! | E26: =SUM(C26,D26) -> #REF! | F26: =SUM(#REF!, 'Quarter 2'!F26, 'Quarter 3'!F26, 'Quarter 4'!F26) -> #REF! | G26: =SUM(#REF!, 'Quarter 2'!G26, 'Quarter 3'!G26, 'Quarter 4'!G26) -> #REF! | H26: =F26+G26 -> #REF! | I26: =SUM(#REF!, 'Quarter 2'!I26, 'Quarter 3'!I26, 'Quarter 4'!I26) -> #REF! | J26: =SUM(#REF!, 'Quarter 2'!J26, 'Quarter 3'!J26, 'Quarter 4'!J26) -> #REF! | K26: =SUM(#REF!, 'Quarter 2'!K26, 'Quarter 3'!K26, 'Quarter 4'!K26) -> #REF! | L26: =SUM(J26,K26) -> #REF! | M26: =SUM(#REF!, 'Quarter 2'!M26, 'Quarter 3'!M26, 'Quarter 4'!M26) -> #REF! | N26: =SUM(M26) -> #REF! | O26: =SUM(#REF!, 'Quarter 2'!O26, 'Quarter 3'!O26, 'Quarter 4'!O26) -> #REF! | P26: =SUM(#REF!, 'Quarter 2'!P26, 'Quarter 3'!P26, 'Quarter 4'!P26) -> #REF! | Q26: =SUM(O26,P26) -> #REF! | R26: =SUM(#REF!, 'Quarter 2'!R26, 'Quarter 3'!R26, 'Quarter 4'!R26) -> #REF! | S26: =SUM(Q26,R26) -> #REF! | T26: =SUM(J26,K26,O26,P26) -> #REF! | U26: =SUM(I26,N26,S26) -> #REF! | V26: =SUM(#REF!, 'Quarter 2'!V26, 'Quarter 3'!V26, 'Quarter 4'!V26) -> #REF! | W26: =SUM(#REF!, 'Quarter 2'!W26, 'Quarter 3'!W26, 'Quarter 4'!W26) -> #REF! | X26: =SUM(#REF!, 'Quarter 2'!X26, 'Quarter 3'!X26, 'Quarter 4'!X26) -> #REF! | Y26: =SUM(#REF!, 'Quarter 2'!Y26, 'Quarter 3'!Y26, 'Quarter 4'!Y26) -> #REF! | Z26: =SUM(X26,Y26) -> #REF! | AA26: =SUM(#REF!, 'Quarter 2'!AA26, 'Quarter 3'!AA26, 'Quarter 4'!AA26) -> #REF! | AB26: =IFERROR(V26/J26, 0) -> 0 | AC26: =IFERROR(W26/K26, 0) -> 0 | AD26: =IFERROR(Z26/O26, 0) -> 0 | AE26: =IFERROR(AA26/P26, 0) -> 0 | AF26: =IFERROR(SUM(V26,W26,Z26,AA26)/SUM(L26,Q26), 0) -> 0 | AG26: =SUM(#REF!, 'Quarter 2'!AG26, 'Quarter 3'!AG26, 'Quarter 4'!AG26) -> #REF! | AH26: =SUM(#REF!, 'Quarter 2'!AH26, 'Quarter 3'!AH26, 'Quarter 4'!AH26) -> #REF! | AI26: =SUM(#REF!, 'Quarter 2'!AI26, 'Quarter 3'!AI26, 'Quarter 4'!AI26) -> #REF! | AJ26: =SUM(#REF!, 'Quarter 2'!AJ26, 'Quarter 3'!AJ26, 'Quarter 4'!AJ26) -> #REF! | AK26: =SUM(#REF!, 'Quarter 2'!AK26, 'Quarter 3'!AK26, 'Quarter 4'!AK26) -> #REF! | AL26: =SUM(#REF!, 'Quarter 2'!AL26, 'Quarter 3'!AL26, 'Quarter 4'!AL26) -> #REF! | AM26: =SUM(AG26,AH26,AI26) -> #REF! | AN26: =SUM(#REF!, 'Quarter 2'!AO26, 'Quarter 3'!AN26, 'Quarter 4'!AN26) -> #REF! | AO26: =IFERROR((AN26/B26)*1000000, 0) -> 0
B27: ='Quarter 4'!B27 -> 0 | C27: =SUM(#REF!, 'Quarter 2'!C27, 'Quarter 3'!C27, 'Quarter 4'!C27) -> #REF! | D27: =SUM(#REF!, 'Quarter 2'!D27, 'Quarter 3'!D27, 'Quarter 4'!D27) -> #REF! | E27: =SUM(C27,D27) -> #REF! | F27: =SUM(#REF!, 'Quarter 2'!F27, 'Quarter 3'!F27, 'Quarter 4'!F27) -> #REF! | G27: =SUM(#REF!, 'Quarter 2'!G27, 'Quarter 3'!G27, 'Quarter 4'!G27) -> #REF! | H27: =F27+G27 -> #REF! | I27: =SUM(#REF!, 'Quarter 2'!I27, 'Quarter 3'!I27, 'Quarter 4'!I27) -> #REF! | J27: =SUM(#REF!, 'Quarter 2'!J27, 'Quarter 3'!J27, 'Quarter 4'!J27) -> #REF! | K27: =SUM(#REF!, 'Quarter 2'!K27, 'Quarter 3'!K27, 'Quarter 4'!K27) -> #REF! | L27: =SUM(J27,K27) -> #REF! | M27: =SUM(#REF!, 'Quarter 2'!M27, 'Quarter 3'!M27, 'Quarter 4'!M27) -> #REF! | N27: =SUM(M27) -> #REF! | O27: =SUM(#REF!, 'Quarter 2'!O27, 'Quarter 3'!O27, 'Quarter 4'!O27) -> #REF! | P27: =SUM(#REF!, 'Quarter 2'!P27, 'Quarter 3'!P27, 'Quarter 4'!P27) -> #REF! | Q27: =SUM(O27,P27) -> #REF! | R27: =SUM(#REF!, 'Quarter 2'!R27, 'Quarter 3'!R27, 'Quarter 4'!R27) -> #REF! | S27: =SUM(Q27,R27) -> #REF! | T27: =SUM(J27,K27,O27,P27) -> #REF! | U27: =SUM(I27,N27,S27) -> #REF! | V27: =SUM(#REF!, 'Quarter 2'!V27, 'Quarter 3'!V27, 'Quarter 4'!V27) -> #REF! | W27: =SUM(#REF!, 'Quarter 2'!W27, 'Quarter 3'!W27, 'Quarter 4'!W27) -> #REF! | X27: =SUM(#REF!, 'Quarter 2'!X27, 'Quarter 3'!X27, 'Quarter 4'!X27) -> #REF! | Y27: =SUM(#REF!, 'Quarter 2'!Y27, 'Quarter 3'!Y27, 'Quarter 4'!Y27) -> #REF! | Z27: =SUM(X27,Y27) -> #REF! | AA27: =SUM(#REF!, 'Quarter 2'!AA27, 'Quarter 3'!AA27, 'Quarter 4'!AA27) -> #REF! | AB27: =IFERROR(V27/J27, 0) -> 0 | AC27: =IFERROR(W27/K27, 0) -> 0 | AD27: =IFERROR(Z27/O27, 0) -> 0 | AE27: =IFERROR(AA27/P27, 0) -> 0 | AF27: =IFERROR(SUM(V27,W27,Z27,AA27)/SUM(L27,Q27), 0) -> 0 | AG27: =SUM(#REF!, 'Quarter 2'!AG27, 'Quarter 3'!AG27, 'Quarter 4'!AG27) -> #REF! | AH27: =SUM(#REF!, 'Quarter 2'!AH27, 'Quarter 3'!AH27, 'Quarter 4'!AH27) -> #REF! | AI27: =SUM(#REF!, 'Quarter 2'!AI27, 'Quarter 3'!AI27, 'Quarter 4'!AI27) -> #REF! | AJ27: =SUM(#REF!, 'Quarter 2'!AJ27, 'Quarter 3'!AJ27, 'Quarter 4'!AJ27) -> #REF! | AK27: =SUM(#REF!, 'Quarter 2'!AK27, 'Quarter 3'!AK27, 'Quarter 4'!AK27) -> #REF! | AL27: =SUM(#REF!, 'Quarter 2'!AL27, 'Quarter 3'!AL27, 'Quarter 4'!AL27) -> #REF! | AM27: =SUM(AG27,AH27,AI27) -> #REF! | AN27: =SUM(#REF!, 'Quarter 2'!AO27, 'Quarter 3'!AN27, 'Quarter 4'!AN27) -> #REF! | AO27: =IFERROR((AN27/B27)*1000000, 0) -> 0
B28: ='Quarter 4'!B28 -> 0 | C28: =SUM(#REF!, 'Quarter 2'!C28, 'Quarter 3'!C28, 'Quarter 4'!C28) -> #REF! | D28: =SUM(#REF!, 'Quarter 2'!D28, 'Quarter 3'!D28, 'Quarter 4'!D28) -> #REF! | E28: =SUM(C28,D28) -> #REF! | F28: =SUM(#REF!, 'Quarter 2'!F28, 'Quarter 3'!F28, 'Quarter 4'!F28) -> #REF! | G28: =SUM(#REF!, 'Quarter 2'!G28, 'Quarter 3'!G28, 'Quarter 4'!G28) -> #REF! | H28: =F28+G28 -> #REF! | I28: =SUM(#REF!, 'Quarter 2'!I28, 'Quarter 3'!I28, 'Quarter 4'!I28) -> #REF! | J28: =SUM(#REF!, 'Quarter 2'!J28, 'Quarter 3'!J28, 'Quarter 4'!J28) -> #REF! | K28: =SUM(#REF!, 'Quarter 2'!K28, 'Quarter 3'!K28, 'Quarter 4'!K28) -> #REF! | L28: =SUM(J28,K28) -> #REF! | M28: =SUM(#REF!, 'Quarter 2'!M28, 'Quarter 3'!M28, 'Quarter 4'!M28) -> #REF! | N28: =SUM(M28) -> #REF! | O28: =SUM(#REF!, 'Quarter 2'!O28, 'Quarter 3'!O28, 'Quarter 4'!O28) -> #REF! | P28: =SUM(#REF!, 'Quarter 2'!P28, 'Quarter 3'!P28, 'Quarter 4'!P28) -> #REF! | Q28: =SUM(O28,P28) -> #REF! | R28: =SUM(#REF!, 'Quarter 2'!R28, 'Quarter 3'!R28, 'Quarter 4'!R28) -> #REF! | S28: =SUM(Q28,R28) -> #REF! | T28: =SUM(J28,K28,O28,P28) -> #REF! | U28: =SUM(I28,N28,S28) -> #REF! | V28: =SUM(#REF!, 'Quarter 2'!V28, 'Quarter 3'!V28, 'Quarter 4'!V28) -> #REF! | W28: =SUM(#REF!, 'Quarter 2'!W28, 'Quarter 3'!W28, 'Quarter 4'!W28) -> #REF! | X28: =SUM(#REF!, 'Quarter 2'!X28, 'Quarter 3'!X28, 'Quarter 4'!X28) -> #REF! | Y28: =SUM(#REF!, 'Quarter 2'!Y28, 'Quarter 3'!Y28, 'Quarter 4'!Y28) -> #REF! | Z28: =SUM(X28,Y28) -> #REF! | AA28: =SUM(#REF!, 'Quarter 2'!AA28, 'Quarter 3'!AA28, 'Quarter 4'!AA28) -> #REF! | AB28: =IFERROR(V28/J28, 0) -> 0 | AC28: =IFERROR(W28/K28, 0) -> 0 | AD28: =IFERROR(Z28/O28, 0) -> 0 | AE28: =IFERROR(AA28/P28, 0) -> 0 | AF28: =IFERROR(SUM(V28,W28,Z28,AA28)/SUM(L28,Q28), 0) -> 0 | AG28: =SUM(#REF!, 'Quarter 2'!AG28, 'Quarter 3'!AG28, 'Quarter 4'!AG28) -> #REF! | AH28: =SUM(#REF!, 'Quarter 2'!AH28, 'Quarter 3'!AH28, 'Quarter 4'!AH28) -> #REF! | AI28: =SUM(#REF!, 'Quarter 2'!AI28, 'Quarter 3'!AI28, 'Quarter 4'!AI28) -> #REF! | AJ28: =SUM(#REF!, 'Quarter 2'!AJ28, 'Quarter 3'!AJ28, 'Quarter 4'!AJ28) -> #REF! | AK28: =SUM(#REF!, 'Quarter 2'!AK28, 'Quarter 3'!AK28, 'Quarter 4'!AK28) -> #REF! | AL28: =SUM(#REF!, 'Quarter 2'!AL28, 'Quarter 3'!AL28, 'Quarter 4'!AL28) -> #REF! | AM28: =SUM(AG28,AH28,AI28) -> #REF! | AN28: =SUM(#REF!, 'Quarter 2'!AO28, 'Quarter 3'!AN28, 'Quarter 4'!AN28) -> #REF! | AO28: =IFERROR((AN28/B28)*1000000, 0) -> 0
... B34: ='Quarter 4'!B34 -> 0 | C34: =SUM(#REF!, 'Quarter 2'!C34, 'Quarter 3'!C34, 'Quarter 4'!C34) -> #REF! | D34: =SUM(#REF!, 'Quarter 2'!D34, 'Quarter 3'!D34, 'Quarter 4'!D34) -> #REF! | E34: =SUM(C34,D34) -> #REF! | F34: =SUM(#REF!, 'Quarter 2'!F34, 'Quarter 3'!F34, 'Quarter 4'!F34) -> #REF! | G34: =SUM(#REF!, 'Quarter 2'!G34, 'Quarter 3'!G34, 'Quarter 4'!G34) -> #REF! | H34: =F34+G34 -> #REF! | I34: =SUM(#REF!, 'Quarter 2'!I34, 'Quarter 3'!I34, 'Quarter 4'!I34) -> #REF! | J34: =SUM(#REF!, 'Quarter 2'!J34, 'Quarter 3'!J34, 'Quarter 4'!J34) -> #REF! | K34: =SUM(#REF!, 'Quarter 2'!K34, 'Quarter 3'!K34, 'Quarter 4'!K34) -> #REF! | L34: =SUM(J34,K34) -> #REF! | M34: =SUM(#REF!, 'Quarter 2'!M34, 'Quarter 3'!M34, 'Quarter 4'!M34) -> #REF! | N34: =SUM(M34) -> #REF! | O34: =SUM(#REF!, 'Quarter 2'!O34, 'Quarter 3'!O34, 'Quarter 4'!O34) -> #REF! | P34: =SUM(#REF!, 'Quarter 2'!P34, 'Quarter 3'!P34, 'Quarter 4'!P34) -> #REF! | Q34: =SUM(O34,P34) -> #REF! | R34: =SUM(#REF!, 'Quarter 2'!R34, 'Quarter 3'!R34, 'Quarter 4'!R34) -> #REF! | S34: =SUM(Q34,R34) -> #REF! | T34: =SUM(J34,K34,O34,P34) -> #REF! | U34: =SUM(I34,N34,S34) -> #REF! | V34: =SUM(#REF!, 'Quarter 2'!V34, 'Quarter 3'!V34, 'Quarter 4'!V34) -> #REF! | W34: =SUM(#REF!, 'Quarter 2'!W34, 'Quarter 3'!W34, 'Quarter 4'!W34) -> #REF! | X34: =SUM(#REF!, 'Quarter 2'!X34, 'Quarter 3'!X34, 'Quarter 4'!X34) -> #REF! | Y34: =SUM(#REF!, 'Quarter 2'!Y34, 'Quarter 3'!Y34, 'Quarter 4'!Y34) -> #REF! | Z34: =SUM(X34,Y34) -> #REF! | AA34: =SUM(#REF!, 'Quarter 2'!AA34, 'Quarter 3'!AA34, 'Quarter 4'!AA34) -> #REF! | AB34: =IFERROR(V34/J34, 0) -> 0 | AC34: =IFERROR(W34/K34, 0) -> 0 | AD34: =IFERROR(Z34/O34, 0) -> 0 | AE34: =IFERROR(AA34/P34, 0) -> 0 | AF34: =IFERROR(SUM(V34,W34,Z34,AA34)/SUM(L34,Q34), 0) -> 0 | AG34: =SUM(#REF!, 'Quarter 2'!AG34, 'Quarter 3'!AG34, 'Quarter 4'!AG34) -> #REF! | AH34: =SUM(#REF!, 'Quarter 2'!AH34, 'Quarter 3'!AH34, 'Quarter 4'!AH34) -> #REF! | AI34: =SUM(#REF!, 'Quarter 2'!AI34, 'Quarter 3'!AI34, 'Quarter 4'!AI34) -> #REF! | AJ34: =SUM(#REF!, 'Quarter 2'!AJ34, 'Quarter 3'!AJ34, 'Quarter 4'!AJ34) -> #REF! | AK34: =SUM(#REF!, 'Quarter 2'!AK34, 'Quarter 3'!AK34, 'Quarter 4'!AK34) -> #REF! | AL34: =SUM(#REF!, 'Quarter 2'!AL34, 'Quarter 3'!AL34, 'Quarter 4'!AL34) -> #REF! | AM34: =SUM(AG34,AH34,AI34) -> #REF! | AN34: =SUM(#REF!, 'Quarter 2'!AO34, 'Quarter 3'!AN34, 'Quarter 4'!AN34) -> #REF! | AO34: =IFERROR((AN34/B34)*1000000, 0) -> 0
B35: ='Quarter 4'!B35 -> 0 | C35: =SUM(#REF!, 'Quarter 2'!C35, 'Quarter 3'!C35, 'Quarter 4'!C35) -> #REF! | D35: =SUM(#REF!, 'Quarter 2'!D35, 'Quarter 3'!D35, 'Quarter 4'!D35) -> #REF! | E35: =SUM(C35:D35) -> #REF! | F35: =SUM(#REF!, 'Quarter 2'!F35, 'Quarter 3'!F35, 'Quarter 4'!F35) -> #REF! | G35: =SUM(#REF!, 'Quarter 2'!G35, 'Quarter 3'!G35, 'Quarter 4'!G35) -> #REF! | H35: =F35+G35 -> #REF! | I35: =SUM(#REF!, 'Quarter 2'!I35, 'Quarter 3'!I35, 'Quarter 4'!I35) -> #REF! | J35: =SUM(#REF!, 'Quarter 2'!J35, 'Quarter 3'!J35, 'Quarter 4'!J35) -> #REF! | K35: =SUM(#REF!, 'Quarter 2'!K35, 'Quarter 3'!K35, 'Quarter 4'!K35) -> #REF! | L35: =SUM(J35,K35) -> #REF! | M35: =SUM(#REF!, 'Quarter 2'!M35, 'Quarter 3'!M35, 'Quarter 4'!M35) -> #REF! | N35: =SUM(M35) -> #REF! | O35: =SUM(#REF!, 'Quarter 2'!O35, 'Quarter 3'!O35, 'Quarter 4'!O35) -> #REF! | P35: =SUM(#REF!, 'Quarter 2'!P35, 'Quarter 3'!P35, 'Quarter 4'!P35) -> #REF! | Q35: =SUM(O35,P35) -> #REF! | R35: =SUM(#REF!, 'Quarter 2'!R35, 'Quarter 3'!R35, 'Quarter 4'!R35) -> #REF! | S35: =SUM(Q35,R35) -> #REF! | T35: =SUM(J35,K35,O35,P35) -> #REF! | U35: =SUM(I35,N35,S35) -> #REF! | V35: =SUM(#REF!, 'Quarter 2'!V35, 'Quarter 3'!V35, 'Quarter 4'!V35) -> #REF! | W35: =SUM(#REF!, 'Quarter 2'!W35, 'Quarter 3'!W35, 'Quarter 4'!W35) -> #REF! | X35: =SUM(#REF!, 'Quarter 2'!X35, 'Quarter 3'!X35, 'Quarter 4'!X35) -> #REF! | Y35: =SUM(#REF!, 'Quarter 2'!Y35, 'Quarter 3'!Y35, 'Quarter 4'!Y35) -> #REF! | Z35: =SUM(X35,Y35) -> #REF! | AA35: =SUM(#REF!, 'Quarter 2'!AA35, 'Quarter 3'!AA35, 'Quarter 4'!AA35) -> #REF! | AB35: =IFERROR(V35/J35, 0) -> 0 | AC35: =IFERROR(W35/K35, 0) -> 0 | AD35: =IFERROR(Z35/O35, 0) -> 0 | AE35: =IFERROR(AA35/P35, 0) -> 0 | AF35: =IFERROR(SUM(V35,W35,Z35,AA35)/SUM(L35,Q35), 0) -> 0 | AG35: =SUM(#REF!, 'Quarter 2'!AG35, 'Quarter 3'!AG35, 'Quarter 4'!AG35) -> #REF! | AH35: =SUM(#REF!, 'Quarter 2'!AH35, 'Quarter 3'!AH35, 'Quarter 4'!AH35) -> #REF! | AI35: =SUM(#REF!, 'Quarter 2'!AI35, 'Quarter 3'!AI35, 'Quarter 4'!AI35) -> #REF! | AJ35: =SUM(#REF!, 'Quarter 2'!AJ35, 'Quarter 3'!AJ35, 'Quarter 4'!AJ35) -> #REF! | AK35: =SUM(#REF!, 'Quarter 2'!AK35, 'Quarter 3'!AK35, 'Quarter 4'!AK35) -> #REF! | AL35: =SUM(#REF!, 'Quarter 2'!AL35, 'Quarter 3'!AL35, 'Quarter 4'!AL35) -> #REF! | AM35: =SUM(AG35,AH35,AI35) -> #REF! | AN35: =SUM(#REF!, 'Quarter 2'!AO35, 'Quarter 3'!AN35, 'Quarter 4'!AN35) -> #REF! | AO35: =IFERROR((AN35/B35)*1000000, 0) -> 0
A36: TOTAL | B36: =SUM(B16:B35) -> 0 | C36: =SUM(C16:C35) -> #REF! | D36: =SUM(D16:D35) -> #REF! | E36: =SUM(E16:E35) -> #REF! | F36: =SUM(F16:F35) -> #REF! | G36: =SUM(G16:G35) -> #REF! | H36: =SUM(H16:H35) -> #REF! | I36: =SUM(I16:I35) -> #REF! | ... AA36: =SUM(AA16:AA35) -> #REF! | AB36: =IFERROR(V36/J36, 0) -> 0 | AC36: =IFERROR(W36/K36, 0) -> 0 | AD36: =IFERROR(Z36/O36, 0) -> 0 | AE36: =IFERROR(AA36/P36, 0) -> 0 | AF36: =IFERROR(SUM(V36,W36,Z36,AA36)/SUM(L36,Q36), 0) -> 0 | AG36: =SUM(AG16:AG35) -> #REF! | AH36: =SUM(AH16:AH35) -> #REF! | AI36: =SUM(AI16:AI35) -> #REF! | AJ36: =SUM(AJ16:AJ35) -> #REF! | AK36: =SUM(AK16:AK35) -> #REF! | AL36: =SUM(AL16:AL35) -> #REF! | AM36: =SUM(AM16:AM35) -> #REF! | AN36: =SUM(AN16:AN35) -> #REF! | AO36: =IFERROR((AN36/B36)*1000000, 0) -> 0
A38: DATA VALIDATION | B38: 1 | C38: =IFERROR(__xludf.DUMMYFUNCTION("IF( COUNTUNIQUE($E$36,$H$36,$U$36,$AM$36)=1, ""✅ Totals of sex, age, animal bite cases, and biting animals match"", ""❌ Totals of sex, age, animal bite cases, and biting animals DO NOT match. Please recheck the data."" ) "),"✅ Totals of sex, age, animal bite cases, and biting animals match") -> ✅ Totals of sex, age, animal bite cases, and biting animals match
B39: 2 | C39: =IF( SUMPRODUCT(--(AB16:AF36>1))=0, "✅ PEP Coverage ≤100%", "❌ PEP Coverage cannot exceed 100%. "&SUMPRODUCT(--(AB16:AF36>1))&" cell(s) exceed 100%. Please recheck the data." ) -> ✅ PEP Coverage ≤100%
A40: * PEP (CCEEV ± RIG) non-eligible: Immunologically-naive (Category II): Exposure of a non-immunocompromised individual to a vaccinated animal (as defined in the AO) that is available for observation for 14 days, EXCEPT if any high-risk criteria are present. Previously-immunized (Category II & III): Exposure of a non-immunocompromised individual who completed at least three (3) doses of anti-rabies vaccine within the last six (6) months, EXCEPT if any high-risk criteria are present. High-risk criteria: 1. Vaccinated >6 months ago with ≥3 doses 2. Biting animal cannot be observed, is sick or rabid, dies, or is a bat 3. Wounds in highly innervated areas (neck, head, genital area, hands, toes, or in very close proximity to the CNS) 4. Multiple or deep wounds 5. Patient has uncontrolled co-morbidities 6. Patient is from a hard-to-reach area with infrequent transportation to and from ABTC/ABC **Case count of those who completed PEP (CCEEV ± RIG), not number of doses/vials FORM GUIDE: tinyurl.com/AnimalBiteRFGuide PEP DECISION TREE: tinyurl.com/RabiesPEPDecisionTree | V40: Prepared by: INSERT NAME NRCP Regional Program Manager | AB40: Reviewed by: INSERT NAME Infectious Disease Cluster Head | AH40: Approved by: INSERT NAME CHD Regional Director

Sheet (DRAFT MFT) Animal Bite and Rab
B1: REPUBLIC OF THE PHILIPPINES
B2: DEPARTMENT OF HEALTH
B4: National Rabies Prevention and Control Program
B5: Animal Bite and Rabies Report Form
B7: Region: | F7: Period (Quarter, Year):
B9: IMPORTANT REMINDERS 1. Do NOT edit the highlighted cells as their values are automatically computed. 2. Ensure totals of age, sex, animal bite cases, and biting animals are equal. Ensure all PEP coverage does not exceed 100%. 3. Submit the completed form signed by the CHD Regional Director to dpcboidpced@doh.gov.ph and nrpcp@doh.gov.ph by the first week of the second month of the succeeding quarter (e.g., submit 2026 Q1 data by May 4-8, 2026).
A11: LOCATION (Municipality/City) | B11: TOTAL POPULATION | C11: ANIMAL BITE CASES | AN11: POST-EXPOSURE PROPHYLAXIS (PEP) | BH11: BITING ANIMALS (7) | BN11: HUMAN RABIES CASES
C12: Sex | F12: Age | I12: Category | AP12: PEP Completed** | BB12: PEP Coverage | BH12: Type | BK12: Status | BM12: Total | BN12: Cases (PIDSR c/o RESU) | BO12: Incidence Proportion (per 10⁶)
C13: Male | D13: Female | E13: Total | F13: <15 | G13: >15 | H13: Total | I13: Category I (1) | L13: Category II | Y13: Category III | AL13: All Categories | AP13: Category II | AU13: Category III | BB13: Category II (4) | BD13: Category III (6) | BF13: Total CCEEV Coverage | BG13: Total RIG Coverage | BH13: Dog (7a) | BI13: Cat (7b) | BJ13: Others (7c) | BK13: Pet/ Domestic | BL13: Stray/ Free-roaming
I14: M | J14: F | K14: Total | L14: PEP eligible | S14: PEP non-eligible* | V14: Overall (2) | Y14: PEP eligible | AF14: PEP non-eligible* | AI14: Overall (5) | AL14: Total PEP eligible | AM14: Total | AN14: Primary (CCEEV) | AQ14: Booster (CCEEV) | AT14: Primary (CCEEV+RIG) | BA14: Booster (CCEEV only) | BB14: Primary (CCEEV) | BC14: Booster (CCEEV) | BD14: Primary (CCEEV+RIG) (6a) | BE14: Booster (CCEEV only) (6b)
L15: Primary (CCEEV) | O15: Booster (CCEEV) | R15: Total PEP eligible | S15: M | T15: F | U15: Total PEP non-eligible | V15: M | W15: F | X15: Total Cat II | Y15: Primary (CCEEV+RIG) | AB15: Booster (CCEEV only) | AE15: Total PEP eligible | AF15: M | AG15: F | AH15: Total PEP non-eligible | AI15: M | AJ15: F | AK15: Total Cat III | AT15: ERIG | AW15: HRIG | AZ15: Total
L16: M | M16: F | N16: Total | O16: M | P16: F | Q16: Total | Y16: M | Z16: F | AA16: Total | AB16: M | AC16: F | AD16: Total | AN16: M | AO16: F | AP16: Total | AQ16: M | AR16: F | AS16: Total | AT16: M | AU16: F | AV16: Total | AW16: M | AX16: F | AY16: Total
E17: =SUM(C17,D17) -> 0 | H17: =F17+G17 -> 0 | K17: =SUM(I17,J17) -> 0 | N17: =SUM(L17,M17) -> 0 | Q17: =SUM(O17,P17) -> 0 | R17: =SUM(N17,Q17) -> 0 | U17: =SUM(S17:T17) -> 0 | V17: =SUM(L17,O17,S17) -> 0 | W17: =SUM(M17,P17,T17) -> 0 | X17: =SUM(R17,U17) -> 0 | AA17: =SUM(Y17,Z17) -> 0 | AD17: =SUM(AB17,AC17) -> 0 | AE17: =SUM(AA17,AD17) -> 0 | AH17: =SUM(AF17,AG17) -> 0 | AI17: =SUM(Y17,AB17,AF17) -> 0 | AJ17: =SUM(Z17,AC17,AG17) -> 0 | AK17: =SUM(AE17,AH17) -> 0 | AL17: =SUM(M17,Q17,Z17,AC17) -> 0 | AM17: =SUM(K17,X17,AK17) -> 0 | AP17: =SUM(AN17,AO17) -> 0 | AS17: =SUM(AQ17,AR17) -> 0 | AZ17: =SUM(AU17,AX17) -> 0 | BB17: =IFERROR(AP17/M17, 0) -> 0 | BC17: =IFERROR(AS17/Q17, 0) -> 0 | BD17: =IFERROR(AZ17/Z17, 0) -> 0 | BE17: =IFERROR(BA17/AC17, 0) -> 0 | BF17: =IFERROR(SUM(AP17,AS17,AZ17,BA17)/SUM(R17,AE17), 0) -> 0 | BG17: =IFERROR(AZ17/Z17, 0) -> 0 | BM17: =SUM(BH17:BJ17) -> 0 | BO17: =IFERROR((BN17/B17)*1000000, 0) -> 0
E18: =SUM(C18,D18) -> 0 | H18: =F18+G18 -> 0 | K18: =SUM(I18,J18) -> 0 | N18: =SUM(L18,M18) -> 0 | Q18: =SUM(O18,P18) -> 0 | R18: =SUM(N18,Q18) -> 0 | U18: =SUM(S18:T18) -> 0 | V18: =SUM(L18,O18,S18) -> 0 | W18: =SUM(M18,P18,T18) -> 0 | X18: =SUM(R18,U18) -> 0 | AA18: =SUM(Y18,Z18) -> 0 | AD18: =SUM(AB18,AC18) -> 0 | AE18: =SUM(AA18,AD18) -> 0 | AH18: =SUM(AF18,AG18) -> 0 | AI18: =SUM(Y18,AB18,AF18) -> 0 | AJ18: =SUM(Z18,AC18,AG18) -> 0 | AK18: =SUM(AE18,AH18) -> 0 | AL18: =SUM(M18,Q18,Z18,AC18) -> 0 | AM18: =SUM(K18,X18,AK18) -> 0 | AP18: =SUM(AN18,AO18) -> 0 | AS18: =SUM(AQ18,AR18) -> 0 | AZ18: =SUM(AU18,AX18) -> 0 | BB18: =IFERROR(AP18/M18, 0) -> 0 | BC18: =IFERROR(AS18/Q18, 0) -> 0 | BD18: =IFERROR(AZ18/Z18, 0) -> 0 | BE18: =IFERROR(BA18/AC18, 0) -> 0 | BF18: =IFERROR(SUM(AP18,AS18,AZ18,BA18)/SUM(R18,AE18), 0) -> 0 | BG18: =IFERROR(AZ18/Z18, 0) -> 0 | BM18: =SUM(BH18:BJ18) -> 0 | BO18: =IFERROR((BN18/B18)*1000000, 0) -> 0
E19: =SUM(C19,D19) -> 0 | H19: =F19+G19 -> 0 | K19: =SUM(I19,J19) -> 0 | N19: =SUM(L19,M19) -> 0 | Q19: =SUM(O19,P19) -> 0 | R19: =SUM(N19,Q19) -> 0 | U19: =SUM(S19:T19) -> 0 | V19: =SUM(L19,O19,S19) -> 0 | W19: =SUM(M19,P19,T19) -> 0 | X19: =SUM(R19,U19) -> 0 | AA19: =SUM(Y19,Z19) -> 0 | AD19: =SUM(AB19,AC19) -> 0 | AE19: =SUM(AA19,AD19) -> 0 | AH19: =SUM(AF19,AG19) -> 0 | AI19: =SUM(Y19,AB19,AF19) -> 0 | AJ19: =SUM(Z19,AC19,AG19) -> 0 | AK19: =SUM(AE19,AH19) -> 0 | AL19: =SUM(M19,Q19,Z19,AC19) -> 0 | AM19: =SUM(K19,X19,AK19) -> 0 | AP19: =SUM(AN19,AO19) -> 0 | AS19: =SUM(AQ19,AR19) -> 0 | AZ19: =SUM(AU19,AX19) -> 0 | BB19: =IFERROR(AP19/M19, 0) -> 0 | BC19: =IFERROR(AS19/Q19, 0) -> 0 | BD19: =IFERROR(AZ19/Z19, 0) -> 0 | BE19: =IFERROR(BA19/AC19, 0) -> 0 | BF19: =IFERROR(SUM(AP19,AS19,AZ19,BA19)/SUM(R19,AE19), 0) -> 0 | BG19: =IFERROR(AZ19/Z19, 0) -> 0 | BM19: =SUM(BH19:BJ19) -> 0 | BO19: =IFERROR((BN19/B19)*1000000, 0) -> 0
E20: =SUM(C20,D20) -> 0 | H20: =F20+G20 -> 0 | K20: =SUM(I20,J20) -> 0 | N20: =SUM(L20,M20) -> 0 | Q20: =SUM(O20,P20) -> 0 | R20: =SUM(N20,Q20) -> 0 | U20: =SUM(S20:T20) -> 0 | V20: =SUM(L20,O20,S20) -> 0 | W20: =SUM(M20,P20,T20) -> 0 | X20: =SUM(R20,U20) -> 0 | AA20: =SUM(Y20,Z20) -> 0 | AD20: =SUM(AB20,AC20) -> 0 | AE20: =SUM(AA20,AD20) -> 0 | AH20: =SUM(AF20,AG20) -> 0 | AI20: =SUM(Y20,AB20,AF20) -> 0 | AJ20: =SUM(Z20,AC20,AG20) -> 0 | AK20: =SUM(AE20,AH20) -> 0 | AL20: =SUM(M20,Q20,Z20,AC20) -> 0 | AM20: =SUM(K20,X20,AK20) -> 0 | AP20: =SUM(AN20,AO20) -> 0 | AS20: =SUM(AQ20,AR20) -> 0 | AZ20: =SUM(AU20,AX20) -> 0 | BB20: =IFERROR(AP20/M20, 0) -> 0 | BC20: =IFERROR(AS20/Q20, 0) -> 0 | BD20: =IFERROR(AZ20/Z20, 0) -> 0 | BE20: =IFERROR(BA20/AC20, 0) -> 0 | BF20: =IFERROR(SUM(AP20,AS20,AZ20,BA20)/SUM(R20,AE20), 0) -> 0 | BG20: =IFERROR(AZ20/Z20, 0) -> 0 | BM20: =SUM(BH20:BJ20) -> 0 | BO20: =IFERROR((BN20/B20)*1000000, 0) -> 0
E21: =SUM(C21,D21) -> 0 | H21: =F21+G21 -> 0 | K21: =SUM(I21,J21) -> 0 | N21: =SUM(L21,M21) -> 0 | Q21: =SUM(O21,P21) -> 0 | R21: =SUM(N21,Q21) -> 0 | U21: =SUM(S21:T21) -> 0 | V21: =SUM(L21,O21,S21) -> 0 | W21: =SUM(M21,P21,T21) -> 0 | X21: =SUM(R21,U21) -> 0 | AA21: =SUM(Y21,Z21) -> 0 | AD21: =SUM(AB21,AC21) -> 0 | AE21: =SUM(AA21,AD21) -> 0 | AH21: =SUM(AF21,AG21) -> 0 | AI21: =SUM(Y21,AB21,AF21) -> 0 | AJ21: =SUM(Z21,AC21,AG21) -> 0 | AK21: =SUM(AE21,AH21) -> 0 | AL21: =SUM(M21,Q21,Z21,AC21) -> 0 | AM21: =SUM(K21,X21,AK21) -> 0 | AP21: =SUM(AN21,AO21) -> 0 | AS21: =SUM(AQ21,AR21) -> 0 | AZ21: =SUM(AU21,AX21) -> 0 | BB21: =IFERROR(AP21/M21, 0) -> 0 | BC21: =IFERROR(AS21/Q21, 0) -> 0 | BD21: =IFERROR(AZ21/Z21, 0) -> 0 | BE21: =IFERROR(BA21/AC21, 0) -> 0 | BF21: =IFERROR(SUM(AP21,AS21,AZ21,BA21)/SUM(R21,AE21), 0) -> 0 | BG21: =IFERROR(AZ21/Z21, 0) -> 0 | BM21: =SUM(BH21:BJ21) -> 0 | BO21: =IFERROR((BN21/B21)*1000000, 0) -> 0
E22: =SUM(C22,D22) -> 0 | H22: =F22+G22 -> 0 | K22: =SUM(I22,J22) -> 0 | N22: =SUM(L22,M22) -> 0 | Q22: =SUM(O22,P22) -> 0 | R22: =SUM(N22,Q22) -> 0 | U22: =SUM(S22:T22) -> 0 | V22: =SUM(L22,O22,S22) -> 0 | W22: =SUM(M22,P22,T22) -> 0 | X22: =SUM(R22,U22) -> 0 | AA22: =SUM(Y22,Z22) -> 0 | AD22: =SUM(AB22,AC22) -> 0 | AE22: =SUM(AA22,AD22) -> 0 | AH22: =SUM(AF22,AG22) -> 0 | AI22: =SUM(Y22,AB22,AF22) -> 0 | AJ22: =SUM(Z22,AC22,AG22) -> 0 | AK22: =SUM(AE22,AH22) -> 0 | AL22: =SUM(M22,Q22,Z22,AC22) -> 0 | AM22: =SUM(K22,X22,AK22) -> 0 | AP22: =SUM(AN22,AO22) -> 0 | AS22: =SUM(AQ22,AR22) -> 0 | AZ22: =SUM(AU22,AX22) -> 0 | BB22: =IFERROR(AP22/M22, 0) -> 0 | BC22: =IFERROR(AS22/Q22, 0) -> 0 | BD22: =IFERROR(AZ22/Z22, 0) -> 0 | BE22: =IFERROR(BA22/AC22, 0) -> 0 | BF22: =IFERROR(SUM(AP22,AS22,AZ22,BA22)/SUM(R22,AE22), 0) -> 0 | BG22: =IFERROR(AZ22/Z22, 0) -> 0 | BM22: =SUM(BH22:BJ22) -> 0 | BO22: =IFERROR((BN22/B22)*1000000, 0) -> 0
E23: =SUM(C23,D23) -> 0 | H23: =F23+G23 -> 0 | K23: =SUM(I23,J23) -> 0 | N23: =SUM(L23,M23) -> 0 | Q23: =SUM(O23,P23) -> 0 | R23: =SUM(N23,Q23) -> 0 | U23: =SUM(S23:T23) -> 0 | V23: =SUM(L23,O23,S23) -> 0 | W23: =SUM(M23,P23,T23) -> 0 | X23: =SUM(R23,U23) -> 0 | AA23: =SUM(Y23,Z23) -> 0 | AD23: =SUM(AB23,AC23) -> 0 | AE23: =SUM(AA23,AD23) -> 0 | AH23: =SUM(AF23,AG23) -> 0 | AI23: =SUM(Y23,AB23,AF23) -> 0 | AJ23: =SUM(Z23,AC23,AG23) -> 0 | AK23: =SUM(AE23,AH23) -> 0 | AL23: =SUM(M23,Q23,Z23,AC23) -> 0 | AM23: =SUM(K23,X23,AK23) -> 0 | AP23: =SUM(AN23,AO23) -> 0 | AS23: =SUM(AQ23,AR23) -> 0 | AZ23: =SUM(AU23,AX23) -> 0 | BB23: =IFERROR(AP23/M23, 0) -> 0 | BC23: =IFERROR(AS23/Q23, 0) -> 0 | BD23: =IFERROR(AZ23/Z23, 0) -> 0 | BE23: =IFERROR(BA23/AC23, 0) -> 0 | BF23: =IFERROR(SUM(AP23,AS23,AZ23,BA23)/SUM(R23,AE23), 0) -> 0 | BG23: =IFERROR(AZ23/Z23, 0) -> 0 | BM23: =SUM(BH23:BJ23) -> 0 | BO23: =IFERROR((BN23/B23)*1000000, 0) -> 0
E24: =SUM(C24,D24) -> 0 | H24: =F24+G24 -> 0 | K24: =SUM(I24,J24) -> 0 | N24: =SUM(L24,M24) -> 0 | Q24: =SUM(O24,P24) -> 0 | R24: =SUM(N24,Q24) -> 0 | U24: =SUM(S24:T24) -> 0 | V24: =SUM(L24,O24,S24) -> 0 | W24: =SUM(M24,P24,T24) -> 0 | X24: =SUM(R24,U24) -> 0 | AA24: =SUM(Y24,Z24) -> 0 | AD24: =SUM(AB24,AC24) -> 0 | AE24: =SUM(AA24,AD24) -> 0 | AH24: =SUM(AF24,AG24) -> 0 | AI24: =SUM(Y24,AB24,AF24) -> 0 | AJ24: =SUM(Z24,AC24,AG24) -> 0 | AK24: =SUM(AE24,AH24) -> 0 | AL24: =SUM(M24,Q24,Z24,AC24) -> 0 | AM24: =SUM(K24,X24,AK24) -> 0 | AP24: =SUM(AN24,AO24) -> 0 | AS24: =SUM(AQ24,AR24) -> 0 | AZ24: =SUM(AU24,AX24) -> 0 | BB24: =IFERROR(AP24/M24, 0) -> 0 | BC24: =IFERROR(AS24/Q24, 0) -> 0 | BD24: =IFERROR(AZ24/Z24, 0) -> 0 | BE24: =IFERROR(BA24/AC24, 0) -> 0 | BF24: =IFERROR(SUM(AP24,AS24,AZ24,BA24)/SUM(R24,AE24), 0) -> 0 | BG24: =IFERROR(AZ24/Z24, 0) -> 0 | BM24: =SUM(BH24:BJ24) -> 0 | BO24: =IFERROR((BN24/B24)*1000000, 0) -> 0
E25: =SUM(C25,D25) -> 0 | H25: =F25+G25 -> 0 | K25: =SUM(I25,J25) -> 0 | N25: =SUM(L25,M25) -> 0 | Q25: =SUM(O25,P25) -> 0 | R25: =SUM(N25,Q25) -> 0 | U25: =SUM(S25:T25) -> 0 | V25: =SUM(L25,O25,S25) -> 0 | W25: =SUM(M25,P25,T25) -> 0 | X25: =SUM(R25,U25) -> 0 | AA25: =SUM(Y25,Z25) -> 0 | AD25: =SUM(AB25,AC25) -> 0 | AE25: =SUM(AA25,AD25) -> 0 | AH25: =SUM(AF25,AG25) -> 0 | AI25: =SUM(Y25,AB25,AF25) -> 0 | AJ25: =SUM(Z25,AC25,AG25) -> 0 | AK25: =SUM(AE25,AH25) -> 0 | AL25: =SUM(M25,Q25,Z25,AC25) -> 0 | AM25: =SUM(K25,X25,AK25) -> 0 | AP25: =SUM(AN25,AO25) -> 0 | AS25: =SUM(AQ25,AR25) -> 0 | AZ25: =SUM(AU25,AX25) -> 0 | BB25: =IFERROR(AP25/M25, 0) -> 0 | BC25: =IFERROR(AS25/Q25, 0) -> 0 | BD25: =IFERROR(AZ25/Z25, 0) -> 0 | BE25: =IFERROR(BA25/AC25, 0) -> 0 | BF25: =IFERROR(SUM(AP25,AS25,AZ25,BA25)/SUM(R25,AE25), 0) -> 0 | BG25: =IFERROR(AZ25/Z25, 0) -> 0 | BM25: =SUM(BH25:BJ25) -> 0 | BO25: =IFERROR((BN25/B25)*1000000, 0) -> 0
E26: =SUM(C26,D26) -> 0 | H26: =F26+G26 -> 0 | K26: =SUM(I26,J26) -> 0 | N26: =SUM(L26,M26) -> 0 | Q26: =SUM(O26,P26) -> 0 | R26: =SUM(N26,Q26) -> 0 | U26: =SUM(S26:T26) -> 0 | V26: =SUM(L26,O26,S26) -> 0 | W26: =SUM(M26,P26,T26) -> 0 | X26: =SUM(R26,U26) -> 0 | AA26: =SUM(Y26,Z26) -> 0 | AD26: =SUM(AB26,AC26) -> 0 | AE26: =SUM(AA26,AD26) -> 0 | AH26: =SUM(AF26,AG26) -> 0 | AI26: =SUM(Y26,AB26,AF26) -> 0 | AJ26: =SUM(Z26,AC26,AG26) -> 0 | AK26: =SUM(AE26,AH26) -> 0 | AL26: =SUM(M26,Q26,Z26,AC26) -> 0 | AM26: =SUM(K26,X26,AK26) -> 0 | AP26: =SUM(AN26,AO26) -> 0 | AS26: =SUM(AQ26,AR26) -> 0 | AZ26: =SUM(AU26,AX26) -> 0 | BB26: =IFERROR(AP26/M26, 0) -> 0 | BC26: =IFERROR(AS26/Q26, 0) -> 0 | BD26: =IFERROR(AZ26/Z26, 0) -> 0 | BE26: =IFERROR(BA26/AC26, 0) -> 0 | BF26: =IFERROR(SUM(AP26,AS26,AZ26,BA26)/SUM(R26,AE26), 0) -> 0 | BG26: =IFERROR(AZ26/Z26, 0) -> 0 | BM26: =SUM(BH26:BJ26) -> 0 | BO26: =IFERROR((BN26/B26)*1000000, 0) -> 0
E27: =SUM(C27,D27) -> 0 | H27: =F27+G27 -> 0 | K27: =SUM(I27,J27) -> 0 | N27: =SUM(L27,M27) -> 0 | Q27: =SUM(O27,P27) -> 0 | R27: =SUM(N27,Q27) -> 0 | U27: =SUM(S27:T27) -> 0 | V27: =SUM(L27,O27,S27) -> 0 | W27: =SUM(M27,P27,T27) -> 0 | X27: =SUM(R27,U27) -> 0 | AA27: =SUM(Y27,Z27) -> 0 | AD27: =SUM(AB27,AC27) -> 0 | AE27: =SUM(AA27,AD27) -> 0 | AH27: =SUM(AF27,AG27) -> 0 | AI27: =SUM(Y27,AB27,AF27) -> 0 | AJ27: =SUM(Z27,AC27,AG27) -> 0 | AK27: =SUM(AE27,AH27) -> 0 | AL27: =SUM(M27,Q27,Z27,AC27) -> 0 | AM27: =SUM(K27,X27,AK27) -> 0 | AP27: =SUM(AN27,AO27) -> 0 | AS27: =SUM(AQ27,AR27) -> 0 | AZ27: =SUM(AU27,AX27) -> 0 | BB27: =IFERROR(AP27/M27, 0) -> 0 | BC27: =IFERROR(AS27/Q27, 0) -> 0 | BD27: =IFERROR(AZ27/Z27, 0) -> 0 | BE27: =IFERROR(BA27/AC27, 0) -> 0 | BF27: =IFERROR(SUM(AP27,AS27,AZ27,BA27)/SUM(R27,AE27), 0) -> 0 | BG27: =IFERROR(AZ27/Z27, 0) -> 0 | BM27: =SUM(BH27:BJ27) -> 0 | BO27: =IFERROR((BN27/B27)*1000000, 0) -> 0
E28: =SUM(C28,D28) -> 0 | H28: =F28+G28 -> 0 | K28: =SUM(I28,J28) -> 0 | N28: =SUM(L28,M28) -> 0 | Q28: =SUM(O28,P28) -> 0 | R28: =SUM(N28,Q28) -> 0 | U28: =SUM(S28:T28) -> 0 | V28: =SUM(L28,O28,S28) -> 0 | W28: =SUM(M28,P28,T28) -> 0 | X28: =SUM(R28,U28) -> 0 | AA28: =SUM(Y28,Z28) -> 0 | AD28: =SUM(AB28,AC28) -> 0 | AE28: =SUM(AA28,AD28) -> 0 | AH28: =SUM(AF28,AG28) -> 0 | AI28: =SUM(Y28,AB28,AF28) -> 0 | AJ28: =SUM(Z28,AC28,AG28) -> 0 | AK28: =SUM(AE28,AH28) -> 0 | AL28: =SUM(M28,Q28,Z28,AC28) -> 0 | AM28: =SUM(K28,X28,AK28) -> 0 | AP28: =SUM(AN28,AO28) -> 0 | AS28: =SUM(AQ28,AR28) -> 0 | AZ28: =SUM(AU28,AX28) -> 0 | BB28: =IFERROR(AP28/M28, 0) -> 0 | BC28: =IFERROR(AS28/Q28, 0) -> 0 | BD28: =IFERROR(AZ28/Z28, 0) -> 0 | BE28: =IFERROR(BA28/AC28, 0) -> 0 | BF28: =IFERROR(SUM(AP28,AS28,AZ28,BA28)/SUM(R28,AE28), 0) -> 0 | BG28: =IFERROR(AZ28/Z28, 0) -> 0 | BM28: =SUM(BH28:BJ28) -> 0 | BO28: =IFERROR((BN28/B28)*1000000, 0) -> 0
... E35: =SUM(C35,D35) -> 0 | H35: =F35+G35 -> 0 | K35: =SUM(I35,J35) -> 0 | N35: =SUM(L35,M35) -> 0 | Q35: =SUM(O35,P35) -> 0 | R35: =SUM(N35,Q35) -> 0 | U35: =SUM(S35:T35) -> 0 | V35: =SUM(L35,O35,S35) -> 0 | W35: =SUM(M35,P35,T35) -> 0 | X35: =SUM(R35,U35) -> 0 | AA35: =SUM(Y35,Z35) -> 0 | AD35: =SUM(AB35,AC35) -> 0 | AE35: =SUM(AA35,AD35) -> 0 | AH35: =SUM(AF35,AG35) -> 0 | AI35: =SUM(Y35,AB35,AF35) -> 0 | AJ35: =SUM(Z35,AC35,AG35) -> 0 | AK35: =SUM(AE35,AH35) -> 0 | AL35: =SUM(M35,Q35,Z35,AC35) -> 0 | AM35: =SUM(K35,X35,AK35) -> 0 | AP35: =SUM(AN35,AO35) -> 0 | AS35: =SUM(AQ35,AR35) -> 0 | AZ35: =SUM(AU35,AX35) -> 0 | BB35: =IFERROR(AP35/M35, 0) -> 0 | BC35: =IFERROR(AS35/Q35, 0) -> 0 | BD35: =IFERROR(AZ35/Z35, 0) -> 0 | BE35: =IFERROR(BA35/AC35, 0) -> 0 | BF35: =IFERROR(SUM(AP35,AS35,AZ35,BA35)/SUM(R35,AE35), 0) -> 0 | BG35: =IFERROR(AZ35/Z35, 0) -> 0 | BM35: =SUM(BH35:BJ35) -> 0 | BO35: =IFERROR((BN35/B35)*1000000, 0) -> 0
E36: =SUM(C36:D36) -> 0 | H36: =F36+G36 -> 0 | K36: =SUM(I36,J36) -> 0 | N36: =SUM(L36,M36) -> 0 | Q36: =SUM(O36,P36) -> 0 | R36: =SUM(N36,Q36) -> 0 | U36: =SUM(S36:T36) -> 0 | V36: =SUM(L36,O36,S36) -> 0 | W36: =SUM(M36,P36,T36) -> 0 | X36: =SUM(R36,U36) -> 0 | AA36: =SUM(Y36,Z36) -> 0 | AD36: =SUM(AB36,AC36) -> 0 | AE36: =SUM(AA36,AD36) -> 0 | AH36: =SUM(AF36,AG36) -> 0 | AI36: =SUM(Y36,AB36,AF36) -> 0 | AJ36: =SUM(Z36,AC36,AG36) -> 0 | AK36: =SUM(AE36,AH36) -> 0 | AL36: =SUM(M36,Q36,Z36,AC36) -> 0 | AM36: =SUM(K36,X36,AK36) -> 0 | AP36: =SUM(AN36,AO36) -> 0 | AS36: =SUM(AQ36,AR36) -> 0 | AZ36: =SUM(AU36,AX36) -> 0 | BB36: =IFERROR(AP36/M36, 0) -> 0 | BC36: =IFERROR(AS36/Q36, 0) -> 0 | BD36: =IFERROR(AZ36/Z36, 0) -> 0 | BE36: =IFERROR(BA36/AC36, 0) -> 0 | BF36: =IFERROR(SUM(AP36,AS36,AZ36,BA36)/SUM(R36,AE36), 0) -> 0 | BG36: =IFERROR(AZ36/Z36, 0) -> 0 | BM36: =SUM(BH36:BJ36) -> 0 | BO36: =IFERROR((BN36/B36)*1000000, 0) -> 0
A37: TOTAL | B37: =SUM(B17:B36) -> 0 | C37: =SUM(C17:C36) -> 0 | D37: =SUM(D17:D36) -> 0 | E37: =SUM(E17:E36) -> 0 | F37: =SUM(F17:F36) -> 0 | G37: =SUM(G17:G36) -> 0 | H37: =SUM(H17:H36) -> 0 | I37: =SUM(I17:I36) -> 0 | ... AU37: =SUM(AU17:AU36) -> 0 | AW37: =SUM(AW17:AW36) -> 0 | AX37: =SUM(AX17:AX36) -> 0 | AZ37: =SUM(AZ17:AZ36) -> 0 | BA37: =SUM(BA17:BA36) -> 0 | BB37: =IFERROR(AP37/M37, 0) -> 0 | BC37: =IFERROR(AS37/Q37, 0) -> 0 | BD37: =IFERROR(AZ37/Z37, 0) -> 0 | BE37: =IFERROR(BA37/AC37, 0) -> 0 | BF37: =IFERROR(SUM(AP37,AS37,AZ37,BA37)/SUM(R37,AE37), 0) -> 0 | BG37: =IFERROR(AZ37/Z37, 0) -> 0 | BH37: =SUM(BH17:BH36) -> 0 | BI37: =SUM(BI17:BI36) -> 0 | BM37: =SUM(BM17:BM36) -> 0 | BN37: =SUM(BN17:BN36) -> 0 | BO37: =IFERROR((BN37/B37)*1000000, 0) -> 0
A39: DATA VALIDATION | B39: 1 | C39: =IFERROR(__xludf.DUMMYFUNCTION("IF( COUNTUNIQUE($E$37,$H$37,$AM$37,$BM$37)=1, ""✅ Totals of sex, age, animal bite cases, and biting animals match"", ""❌ Totals of sex, age, animal bite cases, and biting animals DO NOT match. Please recheck the data."" ) "),"✅ Totals of sex, age, animal bite cases, and biting animals match") -> ✅ Totals of sex, age, animal bite cases, and biting animals match
B40: 2 | C40: =IF( SUMPRODUCT(--(BB17:BG37>1))=0, "✅ PEP Coverage ≤100%", "❌ PEP Coverage cannot exceed 100%. "&SUMPRODUCT(--(BB17:BG37>1))&" cell(s) exceed 100%. Please recheck the data." ) -> ✅ PEP Coverage ≤100%
A41: * PEP (CCEEV ± RIG) non-eligible: Category II: Exposure of a non-immunocompromised individual to a vaccinated animal (as defined in the AO), provided that the animal is available for observation for 14 days. Category II & III: Repeat exposure in a previously immunized, non-immunocompromised individual who completed at least three (3) doses of anti-rabies vaccine within the last six (6) months, EXCEPT under any of the following conditions: 1. The biting animal cannot be observed, is sick or rabid, or died 2. The site of bite is in highly innervated areas (neck, head, genital area, hands, toes, or in very close proximity to the CNS) 3. Multiple deep bites 4. Presence of uncontrolled co-morbidities 5. Patient is coming from hard to reach areas with infrequent transportation to and from ABTC/ABC **Case count of those who completed PEP (CCEEV ± RIG), not number of doses/vials | AP41: Prepared by: INSERT NAME NRCP Regional Program Manager | BB41: Reviewed by: INSERT NAME Infectious Disease Cluster Head | BH41: Prepared by: INSERT NAME CHD Regional Director
